Number,Name,Link,Type1,Type2,Strength by Type
0464,Rhyperior,https://bulbapedia.bulbagarden.net/wiki/Rhyperior_(Pok%C3%A9mon),Ground,Rock,41.5
0076,Golem,https://bulbapedia.bulbagarden.net/wiki/Golem_(Pok%C3%A9mon),Rock,Ground,41.5
0112,Rhydon,https://bulbapedia.bulbagarden.net/wiki/Rhydon_(Pok%C3%A9mon),Ground,Rock,41.5
0075,Graveler,https://bulbapedia.bulbagarden.net/wiki/Graveler_(Pok%C3%A9mon),Rock,Ground,41.5
0095,Onix,https://bulbapedia.bulbagarden.net/wiki/Onix_(Pok%C3%A9mon),Rock,Ground,41.5
0074,Geodude,https://bulbapedia.bulbagarden.net/wiki/Geodude_(Pok%C3%A9mon),Rock,Ground,41.5
0111,Rhyhorn,https://bulbapedia.bulbagarden.net/wiki/Rhyhorn_(Pok%C3%A9mon),Ground,Rock,41.5
0247,Pupitar,https://bulbapedia.bulbagarden.net/wiki/Pupitar_(Pok%C3%A9mon),Rock,Ground,41.5
0246,Larvitar,https://bulbapedia.bulbagarden.net/wiki/Larvitar_(Pok%C3%A9mon),Rock,Ground,41.5
0473,Mamoswine,https://bulbapedia.bulbagarden.net/wiki/Mamoswine_(Pok%C3%A9mon),Ice,Ground,41.0
0221,Piloswine,https://bulbapedia.bulbagarden.net/wiki/Piloswine_(Pok%C3%A9mon),Ice,Ground,41.0
0220,Swinub,https://bulbapedia.bulbagarden.net/wiki/Swinub_(Pok%C3%A9mon),Ice,Ground,41.0
0322,Numel,https://bulbapedia.bulbagarden.net/wiki/Numel_(Pok%C3%A9mon),Fire,Ground,41.0
0323,Camerupt,https://bulbapedia.bulbagarden.net/wiki/Camerupt_(Pok%C3%A9mon),Fire,Ground,41.0
0219,Magcargo,https://bulbapedia.bulbagarden.net/wiki/Magcargo_(Pok%C3%A9mon),Fire,Rock,40.5
0207,Gligar,https://bulbapedia.bulbagarden.net/wiki/Gligar_(Pok%C3%A9mon),Ground,Flying,40.5
0195,Quagsire,https://bulbapedia.bulbagarden.net/wiki/Quagsire_(Pok%C3%A9mon),Water,Ground,40.5
0423,Gastrodon,https://bulbapedia.bulbagarden.net/wiki/Gastrodon_(Pok%C3%A9mon),Water,Ground,40.5
0194,Wooper,https://bulbapedia.bulbagarden.net/wiki/Wooper_(Pok%C3%A9mon),Water,Ground,40.5
0259,Marshtomp,https://bulbapedia.bulbagarden.net/wiki/Marshtomp_(Pok%C3%A9mon),Water,Ground,40.5
0984,Great Tusk,https://bulbapedia.bulbagarden.net/wiki/Great_Tusk_(Pok%C3%A9mon),Ground,Fighting,40.5
0838,Carkol,https://bulbapedia.bulbagarden.net/wiki/Carkol_(Pok%C3%A9mon),Rock,Fire,40.5
0260,Swampert,https://bulbapedia.bulbagarden.net/wiki/Swampert_(Pok%C3%A9mon),Water,Ground,40.5
0839,Coalossal,https://bulbapedia.bulbagarden.net/wiki/Coalossal_(Pok%C3%A9mon),Rock,Fire,40.5
0472,Gliscor,https://bulbapedia.bulbagarden.net/wiki/Gliscor_(Pok%C3%A9mon),Ground,Flying,40.5
0340,Whiscash,https://bulbapedia.bulbagarden.net/wiki/Whiscash_(Pok%C3%A9mon),Water,Ground,40.5
0645,Landorus,https://bulbapedia.bulbagarden.net/wiki/Landorus_(Pok%C3%A9mon),Ground,Flying,40.5
0339,Barboach,https://bulbapedia.bulbagarden.net/wiki/Barboach_(Pok%C3%A9mon),Water,Ground,40.5
0699,Aurorus,https://bulbapedia.bulbagarden.net/wiki/Aurorus_(Pok%C3%A9mon),Rock,Ice,40.5
0536,Palpitoad,https://bulbapedia.bulbagarden.net/wiki/Palpitoad_(Pok%C3%A9mon),Water,Ground,40.5
0698,Amaura,https://bulbapedia.bulbagarden.net/wiki/Amaura_(Pok%C3%A9mon),Rock,Ice,40.5
0537,Seismitoad,https://bulbapedia.bulbagarden.net/wiki/Seismitoad_(Pok%C3%A9mon),Water,Ground,40.5
0990,Iron Treads,https://bulbapedia.bulbagarden.net/wiki/Iron_Treads_(Pok%C3%A9mon),Ground,Steel,40.0
0703,Carbink,https://bulbapedia.bulbagarden.net/wiki/Carbink_(Pok%C3%A9mon),Rock,Fairy,40.0
0208,Steelix,https://bulbapedia.bulbagarden.net/wiki/Steelix_(Pok%C3%A9mon),Steel,Ground,40.0
0719,Diancie,https://bulbapedia.bulbagarden.net/wiki/Diancie_(Pok%C3%A9mon),Rock,Fairy,40.0
0689,Barbaracle,https://bulbapedia.bulbagarden.net/wiki/Barbaracle_(Pok%C3%A9mon),Rock,Water,40.0
0142,Aerodactyl,https://bulbapedia.bulbagarden.net/wiki/Aerodactyl_(Pok%C3%A9mon),Rock,Flying,40.0
0688,Binacle,https://bulbapedia.bulbagarden.net/wiki/Binacle_(Pok%C3%A9mon),Rock,Water,40.0
0564,Tirtouga,https://bulbapedia.bulbagarden.net/wiki/Tirtouga_(Pok%C3%A9mon),Water,Rock,40.0
0834,Drednaw,https://bulbapedia.bulbagarden.net/wiki/Drednaw_(Pok%C3%A9mon),Water,Rock,40.0
0222,Corsola,https://bulbapedia.bulbagarden.net/wiki/Corsola_(Pok%C3%A9mon),Water,Rock,40.0
0141,Kabutops,https://bulbapedia.bulbagarden.net/wiki/Kabutops_(Pok%C3%A9mon),Rock,Water,40.0
0140,Kabuto,https://bulbapedia.bulbagarden.net/wiki/Kabuto_(Pok%C3%A9mon),Rock,Water,40.0
0139,Omastar,https://bulbapedia.bulbagarden.net/wiki/Omastar_(Pok%C3%A9mon),Rock,Water,40.0
0567,Archeops,https://bulbapedia.bulbagarden.net/wiki/Archeops_(Pok%C3%A9mon),Rock,Flying,40.0
0639,Terrakion,https://bulbapedia.bulbagarden.net/wiki/Terrakion_(Pok%C3%A9mon),Rock,Fighting,40.0
0369,Relicanth,https://bulbapedia.bulbagarden.net/wiki/Relicanth_(Pok%C3%A9mon),Water,Rock,40.0
0530,Excadrill,https://bulbapedia.bulbagarden.net/wiki/Excadrill_(Pok%C3%A9mon),Ground,Steel,40.0
0774,Minior,https://bulbapedia.bulbagarden.net/wiki/Minior_(Pok%C3%A9mon),Rock,Flying,40.0
0566,Archen,https://bulbapedia.bulbagarden.net/wiki/Archen_(Pok%C3%A9mon),Rock,Flying,40.0
0565,Carracosta,https://bulbapedia.bulbagarden.net/wiki/Carracosta_(Pok%C3%A9mon),Water,Rock,40.0
0138,Omanyte,https://bulbapedia.bulbagarden.net/wiki/Omanyte_(Pok%C3%A9mon),Rock,Water,40.0
0883,Arctovish,https://bulbapedia.bulbagarden.net/wiki/Arctovish_(Pok%C3%A9mon),Water,Ice,39.5
0131,Lapras,https://bulbapedia.bulbagarden.net/wiki/Lapras_(Pok%C3%A9mon),Water,Ice,39.5
0867,Runerigus,https://bulbapedia.bulbagarden.net/wiki/Runerigus_(Pok%C3%A9mon),Ground,Ghost,39.5
0410,Shieldon,https://bulbapedia.bulbagarden.net/wiki/Shieldon_(Pok%C3%A9mon),Rock,Steel,39.5
0146,Moltres,https://bulbapedia.bulbagarden.net/wiki/Moltres_(Pok%C3%A9mon),Fire,Flying,39.5
0411,Bastiodon,https://bulbapedia.bulbagarden.net/wiki/Bastiodon_(Pok%C3%A9mon),Rock,Steel,39.5
0144,Articuno,https://bulbapedia.bulbagarden.net/wiki/Articuno_(Pok%C3%A9mon),Ice,Flying,39.5
0499,Pignite,https://bulbapedia.bulbagarden.net/wiki/Pignite_(Pok%C3%A9mon),Fire,Fighting,39.5
0805,Stakataka,https://bulbapedia.bulbagarden.net/wiki/Stakataka_(Pok%C3%A9mon),Rock,Steel,39.5
0257,Blaziken,https://bulbapedia.bulbagarden.net/wiki/Blaziken_(Pok%C3%A9mon),Fire,Fighting,39.5
0663,Talonflame,https://bulbapedia.bulbagarden.net/wiki/Talonflame_(Pok%C3%A9mon),Fire,Flying,39.5
0662,Fletchinder,https://bulbapedia.bulbagarden.net/wiki/Fletchinder_(Pok%C3%A9mon),Fire,Flying,39.5
0306,Aggron,https://bulbapedia.bulbagarden.net/wiki/Aggron_(Pok%C3%A9mon),Steel,Rock,39.5
0305,Lairon,https://bulbapedia.bulbagarden.net/wiki/Lairon_(Pok%C3%A9mon),Steel,Rock,39.5
0304,Aron,https://bulbapedia.bulbagarden.net/wiki/Aron_(Pok%C3%A9mon),Steel,Rock,39.5
0363,Spheal,https://bulbapedia.bulbagarden.net/wiki/Spheal_(Pok%C3%A9mon),Ice,Water,39.5
0364,Sealeo,https://bulbapedia.bulbagarden.net/wiki/Sealeo_(Pok%C3%A9mon),Ice,Water,39.5
0365,Walrein,https://bulbapedia.bulbagarden.net/wiki/Walrein_(Pok%C3%A9mon),Ice,Water,39.5
0721,Volcanion,https://bulbapedia.bulbagarden.net/wiki/Volcanion_(Pok%C3%A9mon),Fire,Water,39.5
0256,Combusken,https://bulbapedia.bulbagarden.net/wiki/Combusken_(Pok%C3%A9mon),Fire,Fighting,39.5
0623,Golurk,https://bulbapedia.bulbagarden.net/wiki/Golurk_(Pok%C3%A9mon),Ground,Ghost,39.5
0740,Crabominable,https://bulbapedia.bulbagarden.net/wiki/Crabominable_(Pok%C3%A9mon),Fighting,Ice,39.5
0741,Oricorio,https://bulbapedia.bulbagarden.net/wiki/Oricorio_(Pok%C3%A9mon),Fire,Flying,39.5
0250,Ho-Oh,https://bulbapedia.bulbagarden.net/wiki/Ho-Oh_(Pok%C3%A9mon),Fire,Flying,39.5
0769,Sandygast,https://bulbapedia.bulbagarden.net/wiki/Sandygast_(Pok%C3%A9mon),Ghost,Ground,39.5
0770,Palossand,https://bulbapedia.bulbagarden.net/wiki/Palossand_(Pok%C3%A9mon),Ghost,Ground,39.5
0225,Delibird,https://bulbapedia.bulbagarden.net/wiki/Delibird_(Pok%C3%A9mon),Ice,Flying,39.5
0087,Dewgong,https://bulbapedia.bulbagarden.net/wiki/Dewgong_(Pok%C3%A9mon),Water,Ice,39.5
0391,Monferno,https://bulbapedia.bulbagarden.net/wiki/Monferno_(Pok%C3%A9mon),Fire,Fighting,39.5
0392,Infernape,https://bulbapedia.bulbagarden.net/wiki/Infernape_(Pok%C3%A9mon),Fire,Fighting,39.5
0091,Cloyster,https://bulbapedia.bulbagarden.net/wiki/Cloyster_(Pok%C3%A9mon),Water,Ice,39.5
0622,Golett,https://bulbapedia.bulbagarden.net/wiki/Golett_(Pok%C3%A9mon),Ground,Ghost,39.5
0500,Emboar,https://bulbapedia.bulbagarden.net/wiki/Emboar_(Pok%C3%A9mon),Fire,Fighting,39.5
1003,Ting-Lu,https://bulbapedia.bulbagarden.net/wiki/Ting-Lu_(Pok%C3%A9mon),Dark,Ground,39.5
0551,Sandile,https://bulbapedia.bulbagarden.net/wiki/Sandile_(Pok%C3%A9mon),Ground,Dark,39.5
0476,Probopass,https://bulbapedia.bulbagarden.net/wiki/Probopass_(Pok%C3%A9mon),Rock,Steel,39.5
0552,Krokorok,https://bulbapedia.bulbagarden.net/wiki/Krokorok_(Pok%C3%A9mon),Ground,Dark,39.5
0553,Krookodile,https://bulbapedia.bulbagarden.net/wiki/Krookodile_(Pok%C3%A9mon),Ground,Dark,39.5
0991,Iron Bundle,https://bulbapedia.bulbagarden.net/wiki/Iron_Bundle_(Pok%C3%A9mon),Ice,Water,39.5
0006,Charizard,https://bulbapedia.bulbagarden.net/wiki/Charizard_(Pok%C3%A9mon),Fire,Flying,39.5
0468,Togekiss,https://bulbapedia.bulbagarden.net/wiki/Togekiss_(Pok%C3%A9mon),Fairy,Flying,39.0
0845,Cramorant,https://bulbapedia.bulbagarden.net/wiki/Cramorant_(Pok%C3%A9mon),Flying,Water,39.0
0062,Poliwrath,https://bulbapedia.bulbagarden.net/wiki/Poliwrath_(Pok%C3%A9mon),Water,Fighting,39.0
0701,Hawlucha,https://bulbapedia.bulbagarden.net/wiki/Hawlucha_(Pok%C3%A9mon),Fighting,Flying,39.0
0580,Ducklett,https://bulbapedia.bulbagarden.net/wiki/Ducklett_(Pok%C3%A9mon),Water,Flying,39.0
0647,Keldeo,https://bulbapedia.bulbagarden.net/wiki/Keldeo_(Pok%C3%A9mon),Water,Fighting,39.0
0279,Pelipper,https://bulbapedia.bulbagarden.net/wiki/Pelipper_(Pok%C3%A9mon),Water,Flying,39.0
0485,Heatran,https://bulbapedia.bulbagarden.net/wiki/Heatran_(Pok%C3%A9mon),Fire,Steel,39.0
0581,Swanna,https://bulbapedia.bulbagarden.net/wiki/Swanna_(Pok%C3%A9mon),Water,Flying,39.0
0248,Tyranitar,https://bulbapedia.bulbagarden.net/wiki/Tyranitar_(Pok%C3%A9mon),Rock,Dark,39.0
0730,Primarina,https://bulbapedia.bulbagarden.net/wiki/Primarina_(Pok%C3%A9mon),Water,Fairy,39.0
0130,Gyarados,https://bulbapedia.bulbagarden.net/wiki/Gyarados_(Pok%C3%A9mon),Water,Flying,39.0
1006,Iron Valiant,https://bulbapedia.bulbagarden.net/wiki/Iron_Valiant_(Pok%C3%A9mon),Fairy,Fighting,39.0
0183,Marill,https://bulbapedia.bulbagarden.net/wiki/Marill_(Pok%C3%A9mon),Water,Fairy,39.0
0278,Wingull,https://bulbapedia.bulbagarden.net/wiki/Wingull_(Pok%C3%A9mon),Water,Flying,39.0
0226,Mantine,https://bulbapedia.bulbagarden.net/wiki/Mantine_(Pok%C3%A9mon),Water,Flying,39.0
0973,Flamigo,https://bulbapedia.bulbagarden.net/wiki/Flamigo_(Pok%C3%A9mon),Flying,Fighting,39.0
0458,Mantyke,https://bulbapedia.bulbagarden.net/wiki/Mantyke_(Pok%C3%A9mon),Water,Flying,39.0
0905,Enamorus,https://bulbapedia.bulbagarden.net/wiki/Enamorus_(Pok%C3%A9mon),Fairy,Flying,39.0
0184,Azumarill,https://bulbapedia.bulbagarden.net/wiki/Azumarill_(Pok%C3%A9mon),Water,Fairy,39.0
0344,Claydol,https://bulbapedia.bulbagarden.net/wiki/Claydol_(Pok%C3%A9mon),Ground,Psychic,39.0
0343,Baltoy,https://bulbapedia.bulbagarden.net/wiki/Baltoy_(Pok%C3%A9mon),Ground,Psychic,39.0
0914,Quaquaval,https://bulbapedia.bulbagarden.net/wiki/Quaquaval_(Pok%C3%A9mon),Water,Fighting,39.0
0176,Togetic,https://bulbapedia.bulbagarden.net/wiki/Togetic_(Pok%C3%A9mon),Fairy,Flying,39.0
0788,Tapu Fini,https://bulbapedia.bulbagarden.net/wiki/Tapu_Fini_(Pok%C3%A9mon),Water,Fairy,39.0
0823,Corviknight,https://bulbapedia.bulbagarden.net/wiki/Corviknight_(Pok%C3%A9mon),Flying,Steel,38.5
0395,Empoleon,https://bulbapedia.bulbagarden.net/wiki/Empoleon_(Pok%C3%A9mon),Water,Steel,38.5
0797,Celesteela,https://bulbapedia.bulbagarden.net/wiki/Celesteela_(Pok%C3%A9mon),Steel,Flying,38.5
0638,Cobalion,https://bulbapedia.bulbagarden.net/wiki/Cobalion_(Pok%C3%A9mon),Steel,Fighting,38.5
0727,Incineroar,https://bulbapedia.bulbagarden.net/wiki/Incineroar_(Pok%C3%A9mon),Fire,Dark,38.5
0806,Blacephalon,https://bulbapedia.bulbagarden.net/wiki/Blacephalon_(Pok%C3%A9mon),Fire,Ghost,38.5
0989,Sandy Shocks,https://bulbapedia.bulbagarden.net/wiki/Sandy_Shocks_(Pok%C3%A9mon),Electric,Ground,38.5
0618,Stunfisk,https://bulbapedia.bulbagarden.net/wiki/Stunfisk_(Pok%C3%A9mon),Ground,Electric,38.5
0959,Tinkaton,https://bulbapedia.bulbagarden.net/wiki/Tinkaton_(Pok%C3%A9mon),Fairy,Steel,38.5
0609,Chandelure,https://bulbapedia.bulbagarden.net/wiki/Chandelure_(Pok%C3%A9mon),Ghost,Fire,38.5
0461,Weavile,https://bulbapedia.bulbagarden.net/wiki/Weavile_(Pok%C3%A9mon),Dark,Ice,38.5
0229,Houndoom,https://bulbapedia.bulbagarden.net/wiki/Houndoom_(Pok%C3%A9mon),Dark,Fire,38.5
0608,Lampent,https://bulbapedia.bulbagarden.net/wiki/Lampent_(Pok%C3%A9mon),Ghost,Fire,38.5
0389,Torterra,https://bulbapedia.bulbagarden.net/wiki/Torterra_(Pok%C3%A9mon),Grass,Ground,38.5
0607,Litwick,https://bulbapedia.bulbagarden.net/wiki/Litwick_(Pok%C3%A9mon),Ghost,Fire,38.5
0228,Houndour,https://bulbapedia.bulbagarden.net/wiki/Houndour_(Pok%C3%A9mon),Dark,Fire,38.5
0227,Skarmory,https://bulbapedia.bulbagarden.net/wiki/Skarmory_(Pok%C3%A9mon),Steel,Flying,38.5
0215,Sneasel,https://bulbapedia.bulbagarden.net/wiki/Sneasel_(Pok%C3%A9mon),Dark,Ice,38.5
1002,Chien-Pao,https://bulbapedia.bulbagarden.net/wiki/Chien-Pao_(Pok%C3%A9mon),Dark,Ice,38.5
0948,Toedscool,https://bulbapedia.bulbagarden.net/wiki/Toedscool_(Pok%C3%A9mon),Ground,Grass,38.5
0958,Tinkatuff,https://bulbapedia.bulbagarden.net/wiki/Tinkatuff_(Pok%C3%A9mon),Fairy,Steel,38.5
0478,Froslass,https://bulbapedia.bulbagarden.net/wiki/Froslass_(Pok%C3%A9mon),Ice,Ghost,38.5
1022,Iron Boulder,https://bulbapedia.bulbagarden.net/wiki/Iron_Boulder_(Pok%C3%A9mon),Rock,Psychic,38.5
0338,Solrock,https://bulbapedia.bulbagarden.net/wiki/Solrock_(Pok%C3%A9mon),Rock,Psychic,38.5
0443,Gible,https://bulbapedia.bulbagarden.net/wiki/Gible_(Pok%C3%A9mon),Dragon,Ground,38.5
0337,Lunatone,https://bulbapedia.bulbagarden.net/wiki/Lunatone_(Pok%C3%A9mon),Rock,Psychic,38.5
0937,Ceruledge,https://bulbapedia.bulbagarden.net/wiki/Ceruledge_(Pok%C3%A9mon),Fire,Ghost,38.5
0330,Flygon,https://bulbapedia.bulbagarden.net/wiki/Flygon_(Pok%C3%A9mon),Ground,Dragon,38.5
0329,Vibrava,https://bulbapedia.bulbagarden.net/wiki/Vibrava_(Pok%C3%A9mon),Ground,Dragon,38.5
0444,Gabite,https://bulbapedia.bulbagarden.net/wiki/Gabite_(Pok%C3%A9mon),Dragon,Ground,38.5
0911,Skeledirge,https://bulbapedia.bulbagarden.net/wiki/Skeledirge_(Pok%C3%A9mon),Fire,Ghost,38.5
0445,Garchomp,https://bulbapedia.bulbagarden.net/wiki/Garchomp_(Pok%C3%A9mon),Dragon,Ground,38.5
0957,Tinkatink,https://bulbapedia.bulbagarden.net/wiki/Tinkatink_(Pok%C3%A9mon),Fairy,Steel,38.5
0949,Toedscruel,https://bulbapedia.bulbagarden.net/wiki/Toedscruel_(Pok%C3%A9mon),Ground,Grass,38.5
0801,Magearna,https://bulbapedia.bulbagarden.net/wiki/Magearna_(Pok%C3%A9mon),Steel,Fairy,38.5
0303,Mawile,https://bulbapedia.bulbagarden.net/wiki/Mawile_(Pok%C3%A9mon),Steel,Fairy,38.5
1004,Chi-Yu,https://bulbapedia.bulbagarden.net/wiki/Chi-Yu_(Pok%C3%A9mon),Dark,Fire,38.5
0448,Lucario,https://bulbapedia.bulbagarden.net/wiki/Lucario_(Pok%C3%A9mon),Fighting,Steel,38.5
0718,Zygarde,https://bulbapedia.bulbagarden.net/wiki/Zygarde_(Pok%C3%A9mon),Dragon,Ground,38.5
0707,Klefki,https://bulbapedia.bulbagarden.net/wiki/Klefki_(Pok%C3%A9mon),Steel,Fairy,38.5
0290,Nincada,https://bulbapedia.bulbagarden.net/wiki/Nincada_(Pok%C3%A9mon),Bug,Ground,38.5
0034,Nidoking,https://bulbapedia.bulbagarden.net/wiki/Nidoking_(Pok%C3%A9mon),Poison,Ground,38.0
0346,Cradily,https://bulbapedia.bulbagarden.net/wiki/Cradily_(Pok%C3%A9mon),Rock,Grass,38.0
0345,Lileep,https://bulbapedia.bulbagarden.net/wiki/Lileep_(Pok%C3%A9mon),Rock,Grass,38.0
0342,Crawdaunt,https://bulbapedia.bulbagarden.net/wiki/Crawdaunt_(Pok%C3%A9mon),Water,Dark,38.0
0987,Flutter Mane,https://bulbapedia.bulbagarden.net/wiki/Flutter_Mane_(Pok%C3%A9mon),Ghost,Fairy,38.0
0198,Murkrow,https://bulbapedia.bulbagarden.net/wiki/Murkrow_(Pok%C3%A9mon),Dark,Flying,38.0
0031,Nidoqueen,https://bulbapedia.bulbagarden.net/wiki/Nidoqueen_(Pok%C3%A9mon),Poison,Ground,38.0
0658,Greninja,https://bulbapedia.bulbagarden.net/wiki/Greninja_(Pok%C3%A9mon),Water,Dark,38.0
0675,Pangoro,https://bulbapedia.bulbagarden.net/wiki/Pangoro_(Pok%C3%A9mon),Fighting,Dark,38.0
0717,Yveltal,https://bulbapedia.bulbagarden.net/wiki/Yveltal_(Pok%C3%A9mon),Dark,Flying,38.0
0697,Tyrantrum,https://bulbapedia.bulbagarden.net/wiki/Tyrantrum_(Pok%C3%A9mon),Rock,Dragon,38.0
0995,Iron Thorns,https://bulbapedia.bulbagarden.net/wiki/Iron_Thorns_(Pok%C3%A9mon),Rock,Electric,38.0
0629,Vullaby,https://bulbapedia.bulbagarden.net/wiki/Vullaby_(Pok%C3%A9mon),Dark,Flying,38.0
0213,Shuckle,https://bulbapedia.bulbagarden.net/wiki/Shuckle_(Pok%C3%A9mon),Bug,Rock,38.0
0494,Victini,https://bulbapedia.bulbagarden.net/wiki/Victini_(Pok%C3%A9mon),Psychic,Fire,38.0
0557,Dwebble,https://bulbapedia.bulbagarden.net/wiki/Dwebble_(Pok%C3%A9mon),Bug,Rock,38.0
0238,Smoochum,https://bulbapedia.bulbagarden.net/wiki/Smoochum_(Pok%C3%A9mon),Ice,Psychic,38.0
0655,Delphox,https://bulbapedia.bulbagarden.net/wiki/Delphox_(Pok%C3%A9mon),Fire,Psychic,38.0
0319,Sharpedo,https://bulbapedia.bulbagarden.net/wiki/Sharpedo_(Pok%C3%A9mon),Water,Dark,38.0
0630,Mandibuzz,https://bulbapedia.bulbagarden.net/wiki/Mandibuzz_(Pok%C3%A9mon),Dark,Flying,38.0
0318,Carvanha,https://bulbapedia.bulbagarden.net/wiki/Carvanha_(Pok%C3%A9mon),Water,Dark,38.0
0696,Tyrunt,https://bulbapedia.bulbagarden.net/wiki/Tyrunt_(Pok%C3%A9mon),Rock,Dragon,38.0
0993,Iron Jugulis,https://bulbapedia.bulbagarden.net/wiki/Iron_Jugulis_(Pok%C3%A9mon),Dark,Flying,38.0
0778,Mimikyu,https://bulbapedia.bulbagarden.net/wiki/Mimikyu_(Pok%C3%A9mon),Ghost,Fairy,38.0
0802,Marshadow,https://bulbapedia.bulbagarden.net/wiki/Marshadow_(Pok%C3%A9mon),Fighting,Ghost,38.0
0425,Drifloon,https://bulbapedia.bulbagarden.net/wiki/Drifloon_(Pok%C3%A9mon),Ghost,Flying,38.0
0592,Frillish,https://bulbapedia.bulbagarden.net/wiki/Frillish_(Pok%C3%A9mon),Water,Ghost,38.0
0859,Impidimp,https://bulbapedia.bulbagarden.net/wiki/Impidimp_(Pok%C3%A9mon),Dark,Fairy,38.0
0860,Morgrem,https://bulbapedia.bulbagarden.net/wiki/Morgrem_(Pok%C3%A9mon),Dark,Fairy,38.0
0861,Grimmsnarl,https://bulbapedia.bulbagarden.net/wiki/Grimmsnarl_(Pok%C3%A9mon),Dark,Fairy,38.0
0962,Bombirdier,https://bulbapedia.bulbagarden.net/wiki/Bombirdier_(Pok%C3%A9mon),Flying,Dark,38.0
0124,Jynx,https://bulbapedia.bulbagarden.net/wiki/Jynx_(Pok%C3%A9mon),Ice,Psychic,38.0
0892,Urshifu,https://bulbapedia.bulbagarden.net/wiki/Urshifu_(Pok%C3%A9mon),Fighting,Dark,38.0
0900,Kleavor,https://bulbapedia.bulbagarden.net/wiki/Kleavor_(Pok%C3%A9mon),Bug,Rock,38.0
0979,Annihilape,https://bulbapedia.bulbagarden.net/wiki/Annihilape_(Pok%C3%A9mon),Fighting,Ghost,38.0
0902,Basculegion,https://bulbapedia.bulbagarden.net/wiki/Basculegion_(Pok%C3%A9mon),Water,Ghost,38.0
0426,Drifblim,https://bulbapedia.bulbagarden.net/wiki/Drifblim_(Pok%C3%A9mon),Ghost,Flying,38.0
0430,Honchkrow,https://bulbapedia.bulbagarden.net/wiki/Honchkrow_(Pok%C3%A9mon),Dark,Flying,38.0
0560,Scrafty,https://bulbapedia.bulbagarden.net/wiki/Scrafty_(Pok%C3%A9mon),Dark,Fighting,38.0
0936,Armarouge,https://bulbapedia.bulbagarden.net/wiki/Armarouge_(Pok%C3%A9mon),Fire,Psychic,38.0
0559,Scraggy,https://bulbapedia.bulbagarden.net/wiki/Scraggy_(Pok%C3%A9mon),Dark,Fighting,38.0
0558,Crustle,https://bulbapedia.bulbagarden.net/wiki/Crustle_(Pok%C3%A9mon),Bug,Rock,38.0
0593,Jellicent,https://bulbapedia.bulbagarden.net/wiki/Jellicent_(Pok%C3%A9mon),Water,Ghost,38.0
0866,Mr. Rime,https://bulbapedia.bulbagarden.net/wiki/Mr._Rime_(Pok%C3%A9mon),Ice,Psychic,38.0
0347,Anorith,https://bulbapedia.bulbagarden.net/wiki/Anorith_(Pok%C3%A9mon),Rock,Bug,38.0
0348,Armaldo,https://bulbapedia.bulbagarden.net/wiki/Armaldo_(Pok%C3%A9mon),Rock,Bug,38.0
0980,Clodsire,https://bulbapedia.bulbagarden.net/wiki/Clodsire_(Pok%C3%A9mon),Poison,Ground,38.0
0475,Gallade,https://bulbapedia.bulbagarden.net/wiki/Gallade_(Pok%C3%A9mon),Psychic,Fighting,37.5
0680,Doublade,https://bulbapedia.bulbagarden.net/wiki/Doublade_(Pok%C3%A9mon),Steel,Ghost,37.5
0858,Hatterene,https://bulbapedia.bulbagarden.net/wiki/Hatterene_(Pok%C3%A9mon),Psychic,Fairy,37.5
0681,Aegislash,https://bulbapedia.bulbagarden.net/wiki/Aegislash_(Pok%C3%A9mon),Steel,Ghost,37.5
0080,Slowbro,https://bulbapedia.bulbagarden.net/wiki/Slowbro_(Pok%C3%A9mon),Water,Psychic,37.5
1020,Gouging Fire,https://bulbapedia.bulbagarden.net/wiki/Gouging_Fire_(Pok%C3%A9mon),Fire,Dragon,37.5
0122,Mr. Mime,https://bulbapedia.bulbagarden.net/wiki/Mr._Mime_(Pok%C3%A9mon),Psychic,Fairy,37.5
0079,Slowpoke,https://bulbapedia.bulbagarden.net/wiki/Slowpoke_(Pok%C3%A9mon),Water,Psychic,37.5
0121,Starmie,https://bulbapedia.bulbagarden.net/wiki/Starmie_(Pok%C3%A9mon),Water,Psychic,37.5
0199,Slowking,https://bulbapedia.bulbagarden.net/wiki/Slowking_(Pok%C3%A9mon),Water,Psychic,37.5
0528,Swoobat,https://bulbapedia.bulbagarden.net/wiki/Swoobat_(Pok%C3%A9mon),Psychic,Flying,37.5
0177,Natu,https://bulbapedia.bulbagarden.net/wiki/Natu_(Pok%C3%A9mon),Psychic,Flying,37.5
0249,Lugia,https://bulbapedia.bulbagarden.net/wiki/Lugia_(Pok%C3%A9mon),Psychic,Flying,37.5
0996,Frigibax,https://bulbapedia.bulbagarden.net/wiki/Frigibax_(Pok%C3%A9mon),Dragon,Ice,37.5
0985,Scream Tail,https://bulbapedia.bulbagarden.net/wiki/Scream_Tail_(Pok%C3%A9mon),Fairy,Psychic,37.5
0983,Kingambit,https://bulbapedia.bulbagarden.net/wiki/Kingambit_(Pok%C3%A9mon),Dark,Steel,37.5
0997,Arctibax,https://bulbapedia.bulbagarden.net/wiki/Arctibax_(Pok%C3%A9mon),Dragon,Ice,37.5
0998,Baxcalibur,https://bulbapedia.bulbagarden.net/wiki/Baxcalibur_(Pok%C3%A9mon),Dragon,Ice,37.5
0970,Glimmora,https://bulbapedia.bulbagarden.net/wiki/Glimmora_(Pok%C3%A9mon),Rock,Poison,37.5
1000,Gholdengo,https://bulbapedia.bulbagarden.net/wiki/Gholdengo_(Pok%C3%A9mon),Steel,Ghost,37.5
0952,Scovillain,https://bulbapedia.bulbagarden.net/wiki/Scovillain_(Pok%C3%A9mon),Grass,Fire,37.5
0969,Glimmet,https://bulbapedia.bulbagarden.net/wiki/Glimmet_(Pok%C3%A9mon),Rock,Poison,37.5
0527,Woobat,https://bulbapedia.bulbagarden.net/wiki/Woobat_(Pok%C3%A9mon),Psychic,Flying,37.5
0308,Medicham,https://bulbapedia.bulbagarden.net/wiki/Medicham_(Pok%C3%A9mon),Fighting,Psychic,37.5
0307,Meditite,https://bulbapedia.bulbagarden.net/wiki/Meditite_(Pok%C3%A9mon),Fighting,Psychic,37.5
0637,Volcarona,https://bulbapedia.bulbagarden.net/wiki/Volcarona_(Pok%C3%A9mon),Bug,Fire,37.5
0679,Honedge,https://bulbapedia.bulbagarden.net/wiki/Honedge_(Pok%C3%A9mon),Steel,Ghost,37.5
0460,Abomasnow,https://bulbapedia.bulbagarden.net/wiki/Abomasnow_(Pok%C3%A9mon),Grass,Ice,37.5
0873,Frosmoth,https://bulbapedia.bulbagarden.net/wiki/Frosmoth_(Pok%C3%A9mon),Ice,Bug,37.5
0439,Mime Jr.,https://bulbapedia.bulbagarden.net/wiki/Mime_Jr._(Pok%C3%A9mon),Psychic,Fairy,37.5
0624,Pawniard,https://bulbapedia.bulbagarden.net/wiki/Pawniard_(Pok%C3%A9mon),Dark,Steel,37.5
0881,Arctozolt,https://bulbapedia.bulbagarden.net/wiki/Arctozolt_(Pok%C3%A9mon),Electric,Ice,37.5
0625,Bisharp,https://bulbapedia.bulbagarden.net/wiki/Bisharp_(Pok%C3%A9mon),Dark,Steel,37.5
0786,Tapu Lele,https://bulbapedia.bulbagarden.net/wiki/Tapu_Lele_(Pok%C3%A9mon),Psychic,Fairy,37.5
0793,Nihilego,https://bulbapedia.bulbagarden.net/wiki/Nihilego_(Pok%C3%A9mon),Rock,Poison,37.5
0282,Gardevoir,https://bulbapedia.bulbagarden.net/wiki/Gardevoir_(Pok%C3%A9mon),Psychic,Fairy,37.5
0779,Bruxish,https://bulbapedia.bulbagarden.net/wiki/Bruxish_(Pok%C3%A9mon),Water,Psychic,37.5
0281,Kirlia,https://bulbapedia.bulbagarden.net/wiki/Kirlia_(Pok%C3%A9mon),Psychic,Fairy,37.5
0459,Snover,https://bulbapedia.bulbagarden.net/wiki/Snover_(Pok%C3%A9mon),Grass,Ice,37.5
0643,Reshiram,https://bulbapedia.bulbagarden.net/wiki/Reshiram_(Pok%C3%A9mon),Dragon,Fire,37.5
0280,Ralts,https://bulbapedia.bulbagarden.net/wiki/Ralts_(Pok%C3%A9mon),Psychic,Fairy,37.5
0976,Veluza,https://bulbapedia.bulbagarden.net/wiki/Veluza_(Pok%C3%A9mon),Water,Psychic,37.5
0776,Turtonator,https://bulbapedia.bulbagarden.net/wiki/Turtonator_(Pok%C3%A9mon),Fire,Dragon,37.5
0646,Kyurem,https://bulbapedia.bulbagarden.net/wiki/Kyurem_(Pok%C3%A9mon),Dragon,Ice,37.5
0872,Snom,https://bulbapedia.bulbagarden.net/wiki/Snom_(Pok%C3%A9mon),Ice,Bug,37.5
0178,Xatu,https://bulbapedia.bulbagarden.net/wiki/Xatu_(Pok%C3%A9mon),Psychic,Flying,37.5
0850,Sizzlipede,https://bulbapedia.bulbagarden.net/wiki/Sizzlipede_(Pok%C3%A9mon),Fire,Bug,37.5
0851,Centiskorch,https://bulbapedia.bulbagarden.net/wiki/Centiskorch_(Pok%C3%A9mon),Fire,Bug,37.5
0561,Sigilyph,https://bulbapedia.bulbagarden.net/wiki/Sigilyph_(Pok%C3%A9mon),Psychic,Flying,37.5
0636,Larvesta,https://bulbapedia.bulbagarden.net/wiki/Larvesta_(Pok%C3%A9mon),Bug,Fire,37.5
0469,Yanmega,https://bulbapedia.bulbagarden.net/wiki/Yanmega_(Pok%C3%A9mon),Bug,Flying,37.0
0546,Cottonee,https://bulbapedia.bulbagarden.net/wiki/Cottonee_(Pok%C3%A9mon),Grass,Fairy,37.0
0302,Sableye,https://bulbapedia.bulbagarden.net/wiki/Sableye_(Pok%C3%A9mon),Dark,Ghost,37.0
0714,Noibat,https://bulbapedia.bulbagarden.net/wiki/Noibat_(Pok%C3%A9mon),Flying,Dragon,37.0
0715,Noivern,https://bulbapedia.bulbagarden.net/wiki/Noivern_(Pok%C3%A9mon),Flying,Dragon,37.0
0123,Scyther,https://bulbapedia.bulbagarden.net/wiki/Scyther_(Pok%C3%A9mon),Bug,Flying,37.0
0587,Emolga,https://bulbapedia.bulbagarden.net/wiki/Emolga_(Pok%C3%A9mon),Electric,Flying,37.0
0357,Tropius,https://bulbapedia.bulbagarden.net/wiki/Tropius_(Pok%C3%A9mon),Grass,Flying,37.0
0702,Dedenne,https://bulbapedia.bulbagarden.net/wiki/Dedenne_(Pok%C3%A9mon),Electric,Fairy,37.0
0012,Butterfree,https://bulbapedia.bulbagarden.net/wiki/Butterfree_(Pok%C3%A9mon),Bug,Flying,37.0
0941,Kilowattrel,https://bulbapedia.bulbagarden.net/wiki/Kilowattrel_(Pok%C3%A9mon),Electric,Flying,37.0
0442,Spiritomb,https://bulbapedia.bulbagarden.net/wiki/Spiritomb_(Pok%C3%A9mon),Ghost,Dark,37.0
0437,Bronzong,https://bulbapedia.bulbagarden.net/wiki/Bronzong_(Pok%C3%A9mon),Steel,Psychic,37.0
0666,Vivillon,https://bulbapedia.bulbagarden.net/wiki/Vivillon_(Pok%C3%A9mon),Bug,Flying,37.0
1023,Iron Crown,https://bulbapedia.bulbagarden.net/wiki/Iron_Crown_(Pok%C3%A9mon),Steel,Psychic,37.0
0436,Bronzor,https://bulbapedia.bulbagarden.net/wiki/Bronzor_(Pok%C3%A9mon),Steel,Psychic,37.0
0187,Hoppip,https://bulbapedia.bulbagarden.net/wiki/Hoppip_(Pok%C3%A9mon),Grass,Flying,37.0
0940,Wattrel,https://bulbapedia.bulbagarden.net/wiki/Wattrel_(Pok%C3%A9mon),Electric,Flying,37.0
0188,Skiploom,https://bulbapedia.bulbagarden.net/wiki/Skiploom_(Pok%C3%A9mon),Grass,Flying,37.0
0189,Jumpluff,https://bulbapedia.bulbagarden.net/wiki/Jumpluff_(Pok%C3%A9mon),Grass,Flying,37.0
0334,Altaria,https://bulbapedia.bulbagarden.net/wiki/Altaria_(Pok%C3%A9mon),Dragon,Flying,37.0
0660,Diggersby,https://bulbapedia.bulbagarden.net/wiki/Diggersby_(Pok%C3%A9mon),Normal,Ground,37.0
0923,Pawmot,https://bulbapedia.bulbagarden.net/wiki/Pawmot_(Pok%C3%A9mon),Electric,Fighting,37.0
0922,Pawmo,https://bulbapedia.bulbagarden.net/wiki/Pawmo_(Pok%C3%A9mon),Electric,Fighting,37.0
0652,Chesnaught,https://bulbapedia.bulbagarden.net/wiki/Chesnaught_(Pok%C3%A9mon),Grass,Fighting,37.0
0795,Pheromosa,https://bulbapedia.bulbagarden.net/wiki/Pheromosa_(Pok%C3%A9mon),Bug,Fighting,37.0
0484,Palkia,https://bulbapedia.bulbagarden.net/wiki/Palkia_(Pok%C3%A9mon),Water,Dragon,37.0
0794,Buzzwole,https://bulbapedia.bulbagarden.net/wiki/Buzzwole_(Pok%C3%A9mon),Bug,Fighting,37.0
0291,Ninjask,https://bulbapedia.bulbagarden.net/wiki/Ninjask_(Pok%C3%A9mon),Bug,Flying,37.0
0901,Ursaluna,https://bulbapedia.bulbagarden.net/wiki/Ursaluna_(Pok%C3%A9mon),Ground,Normal,37.0
0193,Yanma,https://bulbapedia.bulbagarden.net/wiki/Yanma_(Pok%C3%A9mon),Bug,Flying,37.0
1009,Walking Wake,https://bulbapedia.bulbagarden.net/wiki/Walking_Wake_(Pok%C3%A9mon),Water,Dragon,37.0
0785,Tapu Koko,https://bulbapedia.bulbagarden.net/wiki/Tapu_Koko_(Pok%C3%A9mon),Electric,Fairy,37.0
0751,Dewpider,https://bulbapedia.bulbagarden.net/wiki/Dewpider_(Pok%C3%A9mon),Water,Bug,37.0
0787,Tapu Bulu,https://bulbapedia.bulbagarden.net/wiki/Tapu_Bulu_(Pok%C3%A9mon),Grass,Fairy,37.0
0752,Araquanid,https://bulbapedia.bulbagarden.net/wiki/Araquanid_(Pok%C3%A9mon),Water,Bug,37.0
0755,Morelull,https://bulbapedia.bulbagarden.net/wiki/Morelull_(Pok%C3%A9mon),Grass,Fairy,37.0
0756,Shiinotic,https://bulbapedia.bulbagarden.net/wiki/Shiinotic_(Pok%C3%A9mon),Grass,Fairy,37.0
0757,Salandit,https://bulbapedia.bulbagarden.net/wiki/Salandit_(Pok%C3%A9mon),Poison,Fire,37.0
0791,Solgaleo,https://bulbapedia.bulbagarden.net/wiki/Solgaleo_(Pok%C3%A9mon),Psychic,Steel,37.0
0758,Salazzle,https://bulbapedia.bulbagarden.net/wiki/Salazzle_(Pok%C3%A9mon),Poison,Fire,37.0
0384,Rayquaza,https://bulbapedia.bulbagarden.net/wiki/Rayquaza_(Pok%C3%A9mon),Dragon,Flying,37.0
0767,Wimpod,https://bulbapedia.bulbagarden.net/wiki/Wimpod_(Pok%C3%A9mon),Bug,Water,37.0
0768,Golisopod,https://bulbapedia.bulbagarden.net/wiki/Golisopod_(Pok%C3%A9mon),Bug,Water,37.0
0230,Kingdra,https://bulbapedia.bulbagarden.net/wiki/Kingdra_(Pok%C3%A9mon),Water,Dragon,37.0
0994,Iron Moth,https://bulbapedia.bulbagarden.net/wiki/Iron_Moth_(Pok%C3%A9mon),Fire,Poison,37.0
0149,Dragonite,https://bulbapedia.bulbagarden.net/wiki/Dragonite_(Pok%C3%A9mon),Dragon,Flying,37.0
0992,Iron Hands,https://bulbapedia.bulbagarden.net/wiki/Iron_Hands_(Pok%C3%A9mon),Fighting,Electric,37.0
0385,Jirachi,https://bulbapedia.bulbagarden.net/wiki/Jirachi_(Pok%C3%A9mon),Steel,Psychic,37.0
0978,Tatsugiri,https://bulbapedia.bulbagarden.net/wiki/Tatsugiri_(Pok%C3%A9mon),Dragon,Water,37.0
0214,Heracross,https://bulbapedia.bulbagarden.net/wiki/Heracross_(Pok%C3%A9mon),Bug,Fighting,37.0
0165,Ledyba,https://bulbapedia.bulbagarden.net/wiki/Ledyba_(Pok%C3%A9mon),Bug,Flying,37.0
0166,Ledian,https://bulbapedia.bulbagarden.net/wiki/Ledian_(Pok%C3%A9mon),Bug,Flying,37.0
0783,Hakamo-o,https://bulbapedia.bulbagarden.net/wiki/Hakamo-o_(Pok%C3%A9mon),Dragon,Fighting,37.0
0170,Chinchou,https://bulbapedia.bulbagarden.net/wiki/Chinchou_(Pok%C3%A9mon),Water,Electric,37.0
0171,Lanturn,https://bulbapedia.bulbagarden.net/wiki/Lanturn_(Pok%C3%A9mon),Water,Electric,37.0
0784,Kommo-o,https://bulbapedia.bulbagarden.net/wiki/Kommo-o_(Pok%C3%A9mon),Dragon,Fighting,37.0
0882,Dracovish,https://bulbapedia.bulbagarden.net/wiki/Dracovish_(Pok%C3%A9mon),Water,Dragon,37.0
0640,Virizion,https://bulbapedia.bulbagarden.net/wiki/Virizion_(Pok%C3%A9mon),Grass,Fighting,37.0
0414,Mothim,https://bulbapedia.bulbagarden.net/wiki/Mothim_(Pok%C3%A9mon),Bug,Flying,37.0
0267,Beautifly,https://bulbapedia.bulbagarden.net/wiki/Beautifly_(Pok%C3%A9mon),Bug,Flying,37.0
0722,Rowlet,https://bulbapedia.bulbagarden.net/wiki/Rowlet_(Pok%C3%A9mon),Grass,Flying,37.0
0415,Combee,https://bulbapedia.bulbagarden.net/wiki/Combee_(Pok%C3%A9mon),Bug,Flying,37.0
0283,Surskit,https://bulbapedia.bulbagarden.net/wiki/Surskit_(Pok%C3%A9mon),Bug,Water,37.0
0272,Ludicolo,https://bulbapedia.bulbagarden.net/wiki/Ludicolo_(Pok%C3%A9mon),Water,Grass,37.0
0271,Lombre,https://bulbapedia.bulbagarden.net/wiki/Lombre_(Pok%C3%A9mon),Water,Grass,37.0
0284,Masquerain,https://bulbapedia.bulbagarden.net/wiki/Masquerain_(Pok%C3%A9mon),Bug,Flying,37.0
0270,Lotad,https://bulbapedia.bulbagarden.net/wiki/Lotad_(Pok%C3%A9mon),Water,Grass,37.0
0723,Dartrix,https://bulbapedia.bulbagarden.net/wiki/Dartrix_(Pok%C3%A9mon),Grass,Flying,37.0
0547,Whimsicott,https://bulbapedia.bulbagarden.net/wiki/Whimsicott_(Pok%C3%A9mon),Grass,Fairy,37.0
0373,Salamence,https://bulbapedia.bulbagarden.net/wiki/Salamence_(Pok%C3%A9mon),Dragon,Flying,37.0
0642,Thundurus,https://bulbapedia.bulbagarden.net/wiki/Thundurus_(Pok%C3%A9mon),Electric,Flying,37.0
0374,Beldum,https://bulbapedia.bulbagarden.net/wiki/Beldum_(Pok%C3%A9mon),Steel,Psychic,37.0
0145,Zapdos,https://bulbapedia.bulbagarden.net/wiki/Zapdos_(Pok%C3%A9mon),Electric,Flying,37.0
0416,Vespiquen,https://bulbapedia.bulbagarden.net/wiki/Vespiquen_(Pok%C3%A9mon),Bug,Flying,37.0
0375,Metang,https://bulbapedia.bulbagarden.net/wiki/Metang_(Pok%C3%A9mon),Steel,Psychic,37.0
0742,Cutiefly,https://bulbapedia.bulbagarden.net/wiki/Cutiefly_(Pok%C3%A9mon),Bug,Fairy,37.0
0743,Ribombee,https://bulbapedia.bulbagarden.net/wiki/Ribombee_(Pok%C3%A9mon),Bug,Fairy,37.0
0286,Breloom,https://bulbapedia.bulbagarden.net/wiki/Breloom_(Pok%C3%A9mon),Grass,Fighting,37.0
0376,Metagross,https://bulbapedia.bulbagarden.net/wiki/Metagross_(Pok%C3%A9mon),Steel,Psychic,37.0
1007,Koraidon,https://bulbapedia.bulbagarden.net/wiki/Koraidon_(Pok%C3%A9mon),Fighting,Dragon,37.0
0988,Slither Wing,https://bulbapedia.bulbagarden.net/wiki/Slither_Wing_(Pok%C3%A9mon),Bug,Fighting,37.0
0597,Ferroseed,https://bulbapedia.bulbagarden.net/wiki/Ferroseed_(Pok%C3%A9mon),Grass,Steel,36.5
0598,Ferrothorn,https://bulbapedia.bulbagarden.net/wiki/Ferrothorn_(Pok%C3%A9mon),Grass,Steel,36.5
0453,Croagunk,https://bulbapedia.bulbagarden.net/wiki/Croagunk_(Pok%C3%A9mon),Poison,Fighting,36.5
0454,Toxicroak,https://bulbapedia.bulbagarden.net/wiki/Toxicroak_(Pok%C3%A9mon),Poison,Fighting,36.5
0649,Genesect,https://bulbapedia.bulbagarden.net/wiki/Genesect_(Pok%C3%A9mon),Bug,Steel,36.5
0462,Magnezone,https://bulbapedia.bulbagarden.net/wiki/Magnezone_(Pok%C3%A9mon),Electric,Steel,36.5
0483,Dialga,https://bulbapedia.bulbagarden.net/wiki/Dialga_(Pok%C3%A9mon),Steel,Dragon,36.5
0632,Durant,https://bulbapedia.bulbagarden.net/wiki/Durant_(Pok%C3%A9mon),Bug,Steel,36.5
0589,Escavalier,https://bulbapedia.bulbagarden.net/wiki/Escavalier_(Pok%C3%A9mon),Bug,Steel,36.5
0747,Mareanie,https://bulbapedia.bulbagarden.net/wiki/Mareanie_(Pok%C3%A9mon),Poison,Water,36.5
0884,Duraludon,https://bulbapedia.bulbagarden.net/wiki/Duraludon_(Pok%C3%A9mon),Steel,Dragon,36.5
0042,Golbat,https://bulbapedia.bulbagarden.net/wiki/Golbat_(Pok%C3%A9mon),Poison,Flying,36.5
0798,Kartana,https://bulbapedia.bulbagarden.net/wiki/Kartana_(Pok%C3%A9mon),Grass,Steel,36.5
0211,Qwilfish,https://bulbapedia.bulbagarden.net/wiki/Qwilfish_(Pok%C3%A9mon),Water,Poison,36.5
0169,Crobat,https://bulbapedia.bulbagarden.net/wiki/Crobat_(Pok%C3%A9mon),Poison,Flying,36.5
0212,Scizor,https://bulbapedia.bulbagarden.net/wiki/Scizor_(Pok%C3%A9mon),Bug,Steel,36.5
0777,Togedemaru,https://bulbapedia.bulbagarden.net/wiki/Togedemaru_(Pok%C3%A9mon),Electric,Steel,36.5
0748,Toxapex,https://bulbapedia.bulbagarden.net/wiki/Toxapex_(Pok%C3%A9mon),Poison,Water,36.5
0903,Sneasler,https://bulbapedia.bulbagarden.net/wiki/Sneasler_(Pok%C3%A9mon),Fighting,Poison,36.5
0082,Magneton,https://bulbapedia.bulbagarden.net/wiki/Magneton_(Pok%C3%A9mon),Electric,Steel,36.5
0081,Magnemite,https://bulbapedia.bulbagarden.net/wiki/Magnemite_(Pok%C3%A9mon),Electric,Steel,36.5
0792,Lunala,https://bulbapedia.bulbagarden.net/wiki/Lunala_(Pok%C3%A9mon),Psychic,Ghost,36.5
0072,Tentacool,https://bulbapedia.bulbagarden.net/wiki/Tentacool_(Pok%C3%A9mon),Water,Poison,36.5
0720,Hoopa,https://bulbapedia.bulbagarden.net/wiki/Hoopa_(Pok%C3%A9mon),Psychic,Ghost,36.5
0073,Tentacruel,https://bulbapedia.bulbagarden.net/wiki/Tentacruel_(Pok%C3%A9mon),Water,Poison,36.5
0041,Zubat,https://bulbapedia.bulbagarden.net/wiki/Zubat_(Pok%C3%A9mon),Poison,Flying,36.5
1014,Okidogi,https://bulbapedia.bulbagarden.net/wiki/Okidogi_(Pok%C3%A9mon),Poison,Fighting,36.5
1018,Archaludon,https://bulbapedia.bulbagarden.net/wiki/Archaludon_(Pok%C3%A9mon),Steel,Dragon,36.5
1016,Fezandipiti,https://bulbapedia.bulbagarden.net/wiki/Fezandipiti_(Pok%C3%A9mon),Poison,Fairy,36.5
0686,Inkay,https://bulbapedia.bulbagarden.net/wiki/Inkay_(Pok%C3%A9mon),Dark,Psychic,36.5
0687,Malamar,https://bulbapedia.bulbagarden.net/wiki/Malamar_(Pok%C3%A9mon),Dark,Psychic,36.5
0690,Skrelp,https://bulbapedia.bulbagarden.net/wiki/Skrelp_(Pok%C3%A9mon),Poison,Water,36.5
0205,Forretress,https://bulbapedia.bulbagarden.net/wiki/Forretress_(Pok%C3%A9mon),Bug,Steel,36.5
1013,Sinistcha,https://bulbapedia.bulbagarden.net/wiki/Sinistcha_(Pok%C3%A9mon),Grass,Ghost,36.0
0947,Brambleghast,https://bulbapedia.bulbagarden.net/wiki/Brambleghast_(Pok%C3%A9mon),Grass,Ghost,36.0
0487,Giratina,https://bulbapedia.bulbagarden.net/wiki/Giratina_(Pok%C3%A9mon),Ghost,Dragon,36.0
0986,Brute Bonnet,https://bulbapedia.bulbagarden.net/wiki/Brute_Bonnet_(Pok%C3%A9mon),Grass,Dark,36.0
0799,Guzzlord,https://bulbapedia.bulbagarden.net/wiki/Guzzlord_(Pok%C3%A9mon),Dark,Dragon,36.0
0966,Revavroom,https://bulbapedia.bulbagarden.net/wiki/Revavroom_(Pok%C3%A9mon),Steel,Poison,36.0
0965,Varoom,https://bulbapedia.bulbagarden.net/wiki/Varoom_(Pok%C3%A9mon),Steel,Poison,36.0
1005,Roaring Moon,https://bulbapedia.bulbagarden.net/wiki/Roaring_Moon_(Pok%C3%A9mon),Dragon,Dark,36.0
0877,Morpeko,https://bulbapedia.bulbagarden.net/wiki/Morpeko_(Pok%C3%A9mon),Electric,Dark,36.0
0668,Pyroar,https://bulbapedia.bulbagarden.net/wiki/Pyroar_(Pok%C3%A9mon),Fire,Normal,36.0
1012,Poltchageist,https://bulbapedia.bulbagarden.net/wiki/Poltchageist_(Pok%C3%A9mon),Grass,Ghost,36.0
0885,Dreepy,https://bulbapedia.bulbagarden.net/wiki/Dreepy_(Pok%C3%A9mon),Dragon,Ghost,36.0
0886,Drakloak,https://bulbapedia.bulbagarden.net/wiki/Drakloak_(Pok%C3%A9mon),Dragon,Ghost,36.0
0887,Dragapult,https://bulbapedia.bulbagarden.net/wiki/Dragapult_(Pok%C3%A9mon),Dragon,Ghost,36.0
1001,Wo-Chien,https://bulbapedia.bulbagarden.net/wiki/Wo-Chien_(Pok%C3%A9mon),Dark,Grass,36.0
0479,Rotom,https://bulbapedia.bulbagarden.net/wiki/Rotom_(Pok%C3%A9mon),Electric,Ghost,36.0
0908,Meowscarada,https://bulbapedia.bulbagarden.net/wiki/Meowscarada_(Pok%C3%A9mon),Grass,Dark,36.0
0920,Lokix,https://bulbapedia.bulbagarden.net/wiki/Lokix_(Pok%C3%A9mon),Bug,Dark,36.0
0946,Bramblin,https://bulbapedia.bulbagarden.net/wiki/Bramblin_(Pok%C3%A9mon),Grass,Ghost,36.0
0893,Zarude,https://bulbapedia.bulbagarden.net/wiki/Zarude_(Pok%C3%A9mon),Dark,Grass,36.0
0667,Litleo,https://bulbapedia.bulbagarden.net/wiki/Litleo_(Pok%C3%A9mon),Fire,Normal,36.0
0781,Dhelmise,https://bulbapedia.bulbagarden.net/wiki/Dhelmise_(Pok%C3%A9mon),Ghost,Grass,36.0
0710,Pumpkaboo,https://bulbapedia.bulbagarden.net/wiki/Pumpkaboo_(Pok%C3%A9mon),Ghost,Grass,36.0
0635,Hydreigon,https://bulbapedia.bulbagarden.net/wiki/Hydreigon_(Pok%C3%A9mon),Dark,Dragon,36.0
0634,Zweilous,https://bulbapedia.bulbagarden.net/wiki/Zweilous_(Pok%C3%A9mon),Dark,Dragon,36.0
0633,Deino,https://bulbapedia.bulbagarden.net/wiki/Deino_(Pok%C3%A9mon),Dark,Dragon,36.0
0724,Decidueye,https://bulbapedia.bulbagarden.net/wiki/Decidueye_(Pok%C3%A9mon),Grass,Ghost,36.0
0274,Nuzleaf,https://bulbapedia.bulbagarden.net/wiki/Nuzleaf_(Pok%C3%A9mon),Grass,Dark,36.0
0275,Shiftry,https://bulbapedia.bulbagarden.net/wiki/Shiftry_(Pok%C3%A9mon),Grass,Dark,36.0
0292,Shedinja,https://bulbapedia.bulbagarden.net/wiki/Shedinja_(Pok%C3%A9mon),Bug,Ghost,36.0
0711,Gourgeist,https://bulbapedia.bulbagarden.net/wiki/Gourgeist_(Pok%C3%A9mon),Ghost,Grass,36.0
0709,Trevenant,https://bulbapedia.bulbagarden.net/wiki/Trevenant_(Pok%C3%A9mon),Ghost,Grass,36.0
0708,Phantump,https://bulbapedia.bulbagarden.net/wiki/Phantump_(Pok%C3%A9mon),Ghost,Grass,36.0
0332,Cacturne,https://bulbapedia.bulbagarden.net/wiki/Cacturne_(Pok%C3%A9mon),Grass,Dark,36.0
0298,Azurill,https://bulbapedia.bulbagarden.net/wiki/Azurill_(Pok%C3%A9mon),Normal,Fairy,35.5
0520,Tranquill,https://bulbapedia.bulbagarden.net/wiki/Tranquill_(Pok%C3%A9mon),Normal,Flying,35.5
0092,Gastly,https://bulbapedia.bulbagarden.net/wiki/Gastly_(Pok%C3%A9mon),Ghost,Poison,35.5
0733,Toucannon,https://bulbapedia.bulbagarden.net/wiki/Toucannon_(Pok%C3%A9mon),Normal,Flying,35.5
0085,Dodrio,https://bulbapedia.bulbagarden.net/wiki/Dodrio_(Pok%C3%A9mon),Normal,Flying,35.5
0627,Rufflet,https://bulbapedia.bulbagarden.net/wiki/Rufflet_(Pok%C3%A9mon),Normal,Flying,35.5
0084,Doduo,https://bulbapedia.bulbagarden.net/wiki/Doduo_(Pok%C3%A9mon),Normal,Flying,35.5
0083,Farfetch'd,https://bulbapedia.bulbagarden.net/wiki/Farfetch%27d_(Pok%C3%A9mon),Normal,Flying,35.5
0661,Fletchling,https://bulbapedia.bulbagarden.net/wiki/Fletchling_(Pok%C3%A9mon),Normal,Flying,35.5
0732,Trumbeak,https://bulbapedia.bulbagarden.net/wiki/Trumbeak_(Pok%C3%A9mon),Normal,Flying,35.5
0333,Swablu,https://bulbapedia.bulbagarden.net/wiki/Swablu_(Pok%C3%A9mon),Normal,Flying,35.5
0731,Pikipek,https://bulbapedia.bulbagarden.net/wiki/Pikipek_(Pok%C3%A9mon),Normal,Flying,35.5
0519,Pidove,https://bulbapedia.bulbagarden.net/wiki/Pidove_(Pok%C3%A9mon),Normal,Flying,35.5
0521,Unfezant,https://bulbapedia.bulbagarden.net/wiki/Unfezant_(Pok%C3%A9mon),Normal,Flying,35.5
0954,Rabsca,https://bulbapedia.bulbagarden.net/wiki/Rabsca_(Pok%C3%A9mon),Bug,Psychic,35.5
0016,Pidgey,https://bulbapedia.bulbagarden.net/wiki/Pidgey_(Pok%C3%A9mon),Normal,Flying,35.5
0276,Taillow,https://bulbapedia.bulbagarden.net/wiki/Taillow_(Pok%C3%A9mon),Normal,Flying,35.5
0277,Swellow,https://bulbapedia.bulbagarden.net/wiki/Swellow_(Pok%C3%A9mon),Normal,Flying,35.5
0452,Drapion,https://bulbapedia.bulbagarden.net/wiki/Drapion_(Pok%C3%A9mon),Poison,Dark,35.5
0435,Skuntank,https://bulbapedia.bulbagarden.net/wiki/Skuntank_(Pok%C3%A9mon),Poison,Dark,35.5
0040,Wigglytuff,https://bulbapedia.bulbagarden.net/wiki/Wigglytuff_(Pok%C3%A9mon),Normal,Fairy,35.5
0039,Jigglypuff,https://bulbapedia.bulbagarden.net/wiki/Jigglypuff_(Pok%C3%A9mon),Normal,Fairy,35.5
0022,Fearow,https://bulbapedia.bulbagarden.net/wiki/Fearow_(Pok%C3%A9mon),Normal,Flying,35.5
0021,Spearow,https://bulbapedia.bulbagarden.net/wiki/Spearow_(Pok%C3%A9mon),Normal,Flying,35.5
1010,Iron Leaves,https://bulbapedia.bulbagarden.net/wiki/Iron_Leaves_(Pok%C3%A9mon),Grass,Psychic,35.5
0018,Pidgeot,https://bulbapedia.bulbagarden.net/wiki/Pidgeot_(Pok%C3%A9mon),Normal,Flying,35.5
0017,Pidgeotto,https://bulbapedia.bulbagarden.net/wiki/Pidgeotto_(Pok%C3%A9mon),Normal,Flying,35.5
0093,Haunter,https://bulbapedia.bulbagarden.net/wiki/Haunter_(Pok%C3%A9mon),Ghost,Poison,35.5
0441,Chatot,https://bulbapedia.bulbagarden.net/wiki/Chatot_(Pok%C3%A9mon),Normal,Flying,35.5
0434,Stunky,https://bulbapedia.bulbagarden.net/wiki/Stunky_(Pok%C3%A9mon),Poison,Dark,35.5
0760,Bewear,https://bulbapedia.bulbagarden.net/wiki/Bewear_(Pok%C3%A9mon),Normal,Fighting,35.5
0396,Starly,https://bulbapedia.bulbagarden.net/wiki/Starly_(Pok%C3%A9mon),Normal,Flying,35.5
0397,Staravia,https://bulbapedia.bulbagarden.net/wiki/Staravia_(Pok%C3%A9mon),Normal,Flying,35.5
0398,Staraptor,https://bulbapedia.bulbagarden.net/wiki/Staraptor_(Pok%C3%A9mon),Normal,Flying,35.5
0174,Igglybuff,https://bulbapedia.bulbagarden.net/wiki/Igglybuff_(Pok%C3%A9mon),Normal,Fairy,35.5
0400,Bibarel,https://bulbapedia.bulbagarden.net/wiki/Bibarel_(Pok%C3%A9mon),Normal,Water,35.5
0825,Dottler,https://bulbapedia.bulbagarden.net/wiki/Dottler_(Pok%C3%A9mon),Bug,Psychic,35.5
0628,Braviary,https://bulbapedia.bulbagarden.net/wiki/Braviary_(Pok%C3%A9mon),Normal,Flying,35.5
0826,Orbeetle,https://bulbapedia.bulbagarden.net/wiki/Orbeetle_(Pok%C3%A9mon),Bug,Psychic,35.5
0164,Noctowl,https://bulbapedia.bulbagarden.net/wiki/Noctowl_(Pok%C3%A9mon),Normal,Flying,35.5
0163,Hoothoot,https://bulbapedia.bulbagarden.net/wiki/Hoothoot_(Pok%C3%A9mon),Normal,Flying,35.5
0094,Gengar,https://bulbapedia.bulbagarden.net/wiki/Gengar_(Pok%C3%A9mon),Ghost,Poison,35.5
1025,Pecharunt,https://bulbapedia.bulbagarden.net/wiki/Pecharunt_(Pok%C3%A9mon),Poison,Ghost,35.5
0904,Overqwil,https://bulbapedia.bulbagarden.net/wiki/Overqwil_(Pok%C3%A9mon),Dark,Poison,35.5
0759,Stufful,https://bulbapedia.bulbagarden.net/wiki/Stufful_(Pok%C3%A9mon),Normal,Fighting,35.5
0931,Squawkabilly,https://bulbapedia.bulbagarden.net/wiki/Squawkabilly_(Pok%C3%A9mon),Normal,Flying,35.5
0380,Latias,https://bulbapedia.bulbagarden.net/wiki/Latias_(Pok%C3%A9mon),Dragon,Psychic,35.5
0102,Exeggcute,https://bulbapedia.bulbagarden.net/wiki/Exeggcute_(Pok%C3%A9mon),Grass,Psychic,35.5
0103,Exeggutor,https://bulbapedia.bulbagarden.net/wiki/Exeggutor_(Pok%C3%A9mon),Grass,Psychic,35.5
0898,Calyrex,https://bulbapedia.bulbagarden.net/wiki/Calyrex_(Pok%C3%A9mon),Psychic,Grass,35.5
0381,Latios,https://bulbapedia.bulbagarden.net/wiki/Latios_(Pok%C3%A9mon),Dragon,Psychic,35.5
0251,Celebi,https://bulbapedia.bulbagarden.net/wiki/Celebi_(Pok%C3%A9mon),Psychic,Grass,35.5
0595,Joltik,https://bulbapedia.bulbagarden.net/wiki/Joltik_(Pok%C3%A9mon),Bug,Electric,35.0
1011,Dipplin,https://bulbapedia.bulbagarden.net/wiki/Dipplin_(Pok%C3%A9mon),Grass,Dragon,35.0
0840,Applin,https://bulbapedia.bulbagarden.net/wiki/Applin_(Pok%C3%A9mon),Grass,Dragon,35.0
0738,Vikavolt,https://bulbapedia.bulbagarden.net/wiki/Vikavolt_(Pok%C3%A9mon),Bug,Electric,35.0
1015,Munkidori,https://bulbapedia.bulbagarden.net/wiki/Munkidori_(Pok%C3%A9mon),Poison,Psychic,35.0
0841,Flapple,https://bulbapedia.bulbagarden.net/wiki/Flapple_(Pok%C3%A9mon),Grass,Dragon,35.0
0737,Charjabug,https://bulbapedia.bulbagarden.net/wiki/Charjabug_(Pok%C3%A9mon),Bug,Electric,35.0
1019,Hydrapple,https://bulbapedia.bulbagarden.net/wiki/Hydrapple_(Pok%C3%A9mon),Grass,Dragon,35.0
1021,Raging Bolt,https://bulbapedia.bulbagarden.net/wiki/Raging_Bolt_(Pok%C3%A9mon),Electric,Dragon,35.0
0596,Galvantula,https://bulbapedia.bulbagarden.net/wiki/Galvantula_(Pok%C3%A9mon),Bug,Electric,35.0
0842,Appletun,https://bulbapedia.bulbagarden.net/wiki/Appletun_(Pok%C3%A9mon),Grass,Dragon,35.0
0540,Sewaddle,https://bulbapedia.bulbagarden.net/wiki/Sewaddle_(Pok%C3%A9mon),Bug,Grass,35.0
0541,Swadloon,https://bulbapedia.bulbagarden.net/wiki/Swadloon_(Pok%C3%A9mon),Bug,Grass,35.0
0644,Zekrom,https://bulbapedia.bulbagarden.net/wiki/Zekrom_(Pok%C3%A9mon),Dragon,Electric,35.0
0880,Dracozolt,https://bulbapedia.bulbagarden.net/wiki/Dracozolt_(Pok%C3%A9mon),Electric,Dragon,35.0
0542,Leavanny,https://bulbapedia.bulbagarden.net/wiki/Leavanny_(Pok%C3%A9mon),Bug,Grass,35.0
0413,Wormadam,https://bulbapedia.bulbagarden.net/wiki/Wormadam_(Pok%C3%A9mon),Bug,Grass,35.0
1008,Miraidon,https://bulbapedia.bulbagarden.net/wiki/Miraidon_(Pok%C3%A9mon),Electric,Dragon,35.0
0047,Parasect,https://bulbapedia.bulbagarden.net/wiki/Parasect_(Pok%C3%A9mon),Bug,Grass,35.0
0046,Paras,https://bulbapedia.bulbagarden.net/wiki/Paras_(Pok%C3%A9mon),Bug,Grass,35.0
0591,Amoonguss,https://bulbapedia.bulbagarden.net/wiki/Amoonguss_(Pok%C3%A9mon),Grass,Poison,34.5
0545,Scolipede,https://bulbapedia.bulbagarden.net/wiki/Scolipede_(Pok%C3%A9mon),Bug,Poison,34.5
0804,Naganadel,https://bulbapedia.bulbagarden.net/wiki/Naganadel_(Pok%C3%A9mon),Poison,Dragon,34.5
0002,Ivysaur,https://bulbapedia.bulbagarden.net/wiki/Ivysaur_(Pok%C3%A9mon),Grass,Poison,34.5
0691,Dragalge,https://bulbapedia.bulbagarden.net/wiki/Dragalge_(Pok%C3%A9mon),Poison,Dragon,34.5
0544,Whirlipede,https://bulbapedia.bulbagarden.net/wiki/Whirlipede_(Pok%C3%A9mon),Bug,Poison,34.5
0543,Venipede,https://bulbapedia.bulbagarden.net/wiki/Venipede_(Pok%C3%A9mon),Bug,Poison,34.5
0862,Obstagoon,https://bulbapedia.bulbagarden.net/wiki/Obstagoon_(Pok%C3%A9mon),Dark,Normal,34.5
0849,Toxtricity,https://bulbapedia.bulbagarden.net/wiki/Toxtricity_(Pok%C3%A9mon),Electric,Poison,34.5
0848,Toxel,https://bulbapedia.bulbagarden.net/wiki/Toxel_(Pok%C3%A9mon),Electric,Poison,34.5
0890,Eternatus,https://bulbapedia.bulbagarden.net/wiki/Eternatus_(Pok%C3%A9mon),Poison,Dragon,34.5
0590,Foongus,https://bulbapedia.bulbagarden.net/wiki/Foongus_(Pok%C3%A9mon),Grass,Poison,34.5
0001,Bulbasaur,https://bulbapedia.bulbagarden.net/wiki/Bulbasaur_(Pok%C3%A9mon),Grass,Poison,34.5
0044,Gloom,https://bulbapedia.bulbagarden.net/wiki/Gloom_(Pok%C3%A9mon),Grass,Poison,34.5
0167,Spinarak,https://bulbapedia.bulbagarden.net/wiki/Spinarak_(Pok%C3%A9mon),Bug,Poison,34.5
0048,Venonat,https://bulbapedia.bulbagarden.net/wiki/Venonat_(Pok%C3%A9mon),Bug,Poison,34.5
0045,Vileplume,https://bulbapedia.bulbagarden.net/wiki/Vileplume_(Pok%C3%A9mon),Grass,Poison,34.5
0071,Victreebel,https://bulbapedia.bulbagarden.net/wiki/Victreebel_(Pok%C3%A9mon),Grass,Poison,34.5
0043,Oddish,https://bulbapedia.bulbagarden.net/wiki/Oddish_(Pok%C3%A9mon),Grass,Poison,34.5
0451,Skorupi,https://bulbapedia.bulbagarden.net/wiki/Skorupi_(Pok%C3%A9mon),Poison,Bug,34.5
0070,Weepinbell,https://bulbapedia.bulbagarden.net/wiki/Weepinbell_(Pok%C3%A9mon),Grass,Poison,34.5
0168,Ariados,https://bulbapedia.bulbagarden.net/wiki/Ariados_(Pok%C3%A9mon),Bug,Poison,34.5
0069,Bellsprout,https://bulbapedia.bulbagarden.net/wiki/Bellsprout_(Pok%C3%A9mon),Grass,Poison,34.5
0406,Budew,https://bulbapedia.bulbagarden.net/wiki/Budew_(Pok%C3%A9mon),Grass,Poison,34.5
0015,Beedrill,https://bulbapedia.bulbagarden.net/wiki/Beedrill_(Pok%C3%A9mon),Bug,Poison,34.5
0014,Kakuna,https://bulbapedia.bulbagarden.net/wiki/Kakuna_(Pok%C3%A9mon),Bug,Poison,34.5
0013,Weedle,https://bulbapedia.bulbagarden.net/wiki/Weedle_(Pok%C3%A9mon),Bug,Poison,34.5
0315,Roselia,https://bulbapedia.bulbagarden.net/wiki/Roselia_(Pok%C3%A9mon),Grass,Poison,34.5
0407,Roserade,https://bulbapedia.bulbagarden.net/wiki/Roserade_(Pok%C3%A9mon),Grass,Poison,34.5
0269,Dustox,https://bulbapedia.bulbagarden.net/wiki/Dustox_(Pok%C3%A9mon),Bug,Poison,34.5
0003,Venusaur,https://bulbapedia.bulbagarden.net/wiki/Venusaur_(Pok%C3%A9mon),Grass,Poison,34.5
0049,Venomoth,https://bulbapedia.bulbagarden.net/wiki/Venomoth_(Pok%C3%A9mon),Bug,Poison,34.5
0648,Meloetta,https://bulbapedia.bulbagarden.net/wiki/Meloetta_(Pok%C3%A9mon),Normal,Psychic,34.0
0981,Farigiraf,https://bulbapedia.bulbagarden.net/wiki/Farigiraf_(Pok%C3%A9mon),Normal,Psychic,34.0
0876,Indeedee,https://bulbapedia.bulbagarden.net/wiki/Indeedee_(Pok%C3%A9mon),Psychic,Normal,34.0
0203,Girafarig,https://bulbapedia.bulbagarden.net/wiki/Girafarig_(Pok%C3%A9mon),Normal,Psychic,34.0
0765,Oranguru,https://bulbapedia.bulbagarden.net/wiki/Oranguru_(Pok%C3%A9mon),Normal,Psychic,34.0
0899,Wyrdeer,https://bulbapedia.bulbagarden.net/wiki/Wyrdeer_(Pok%C3%A9mon),Normal,Psychic,34.0
0586,Sawsbuck,https://bulbapedia.bulbagarden.net/wiki/Sawsbuck_(Pok%C3%A9mon),Normal,Grass,33.5
0780,Drampa,https://bulbapedia.bulbagarden.net/wiki/Drampa_(Pok%C3%A9mon),Normal,Dragon,33.5
0695,Heliolisk,https://bulbapedia.bulbagarden.net/wiki/Heliolisk_(Pok%C3%A9mon),Electric,Normal,33.5
0694,Helioptile,https://bulbapedia.bulbagarden.net/wiki/Helioptile_(Pok%C3%A9mon),Electric,Normal,33.5
0585,Deerling,https://bulbapedia.bulbagarden.net/wiki/Deerling_(Pok%C3%A9mon),Normal,Grass,33.5
0928,Smoliv,https://bulbapedia.bulbagarden.net/wiki/Smoliv_(Pok%C3%A9mon),Grass,Normal,33.5
0929,Dolliv,https://bulbapedia.bulbagarden.net/wiki/Dolliv_(Pok%C3%A9mon),Grass,Normal,33.5
0930,Arboliva,https://bulbapedia.bulbagarden.net/wiki/Arboliva_(Pok%C3%A9mon),Grass,Normal,33.5
0967,Cyclizar,https://bulbapedia.bulbagarden.net/wiki/Cyclizar_(Pok%C3%A9mon),Dragon,Normal,33.5
0944,Shroodle,https://bulbapedia.bulbagarden.net/wiki/Shroodle_(Pok%C3%A9mon),Poison,Normal,33.0
0945,Grafaiai,https://bulbapedia.bulbagarden.net/wiki/Grafaiai_(Pok%C3%A9mon),Poison,Normal,33.0
0328,Trapinch,https://bulbapedia.bulbagarden.net/wiki/Trapinch_(Pok%C3%A9mon),Ground,,21.0
0450,Hippowdon,https://bulbapedia.bulbagarden.net/wiki/Hippowdon_(Pok%C3%A9mon),Ground,,21.0
0104,Cubone,https://bulbapedia.bulbagarden.net/wiki/Cubone_(Pok%C3%A9mon),Ground,,21.0
0449,Hippopotas,https://bulbapedia.bulbagarden.net/wiki/Hippopotas_(Pok%C3%A9mon),Ground,,21.0
0051,Dugtrio,https://bulbapedia.bulbagarden.net/wiki/Dugtrio_(Pok%C3%A9mon),Ground,,21.0
0383,Groudon,https://bulbapedia.bulbagarden.net/wiki/Groudon_(Pok%C3%A9mon),Ground,,21.0
0529,Drilbur,https://bulbapedia.bulbagarden.net/wiki/Drilbur_(Pok%C3%A9mon),Ground,,21.0
0027,Sandshrew,https://bulbapedia.bulbagarden.net/wiki/Sandshrew_(Pok%C3%A9mon),Ground,,21.0
0028,Sandslash,https://bulbapedia.bulbagarden.net/wiki/Sandslash_(Pok%C3%A9mon),Ground,,21.0
0844,Sandaconda,https://bulbapedia.bulbagarden.net/wiki/Sandaconda_(Pok%C3%A9mon),Ground,,21.0
0232,Donphan,https://bulbapedia.bulbagarden.net/wiki/Donphan_(Pok%C3%A9mon),Ground,,21.0
0843,Silicobra,https://bulbapedia.bulbagarden.net/wiki/Silicobra_(Pok%C3%A9mon),Ground,,21.0
0105,Marowak,https://bulbapedia.bulbagarden.net/wiki/Marowak_(Pok%C3%A9mon),Ground,,21.0
0749,Mudbray,https://bulbapedia.bulbagarden.net/wiki/Mudbray_(Pok%C3%A9mon),Ground,,21.0
0231,Phanpy,https://bulbapedia.bulbagarden.net/wiki/Phanpy_(Pok%C3%A9mon),Ground,,21.0
0050,Diglett,https://bulbapedia.bulbagarden.net/wiki/Diglett_(Pok%C3%A9mon),Ground,,21.0
0750,Mudsdale,https://bulbapedia.bulbagarden.net/wiki/Mudsdale_(Pok%C3%A9mon),Ground,,21.0
0377,Regirock,https://bulbapedia.bulbagarden.net/wiki/Regirock_(Pok%C3%A9mon),Rock,,20.5
0744,Rockruff,https://bulbapedia.bulbagarden.net/wiki/Rockruff_(Pok%C3%A9mon),Rock,,20.5
0933,Naclstack,https://bulbapedia.bulbagarden.net/wiki/Naclstack_(Pok%C3%A9mon),Rock,,20.5
0745,Lycanroc,https://bulbapedia.bulbagarden.net/wiki/Lycanroc_(Pok%C3%A9mon),Rock,,20.5
0409,Rampardos,https://bulbapedia.bulbagarden.net/wiki/Rampardos_(Pok%C3%A9mon),Rock,,20.5
0408,Cranidos,https://bulbapedia.bulbagarden.net/wiki/Cranidos_(Pok%C3%A9mon),Rock,,20.5
0934,Garganacl,https://bulbapedia.bulbagarden.net/wiki/Garganacl_(Pok%C3%A9mon),Rock,,20.5
0438,Bonsly,https://bulbapedia.bulbagarden.net/wiki/Bonsly_(Pok%C3%A9mon),Rock,,20.5
0932,Nacli,https://bulbapedia.bulbagarden.net/wiki/Nacli_(Pok%C3%A9mon),Rock,,20.5
0525,Boldore,https://bulbapedia.bulbagarden.net/wiki/Boldore_(Pok%C3%A9mon),Rock,,20.5
0524,Roggenrola,https://bulbapedia.bulbagarden.net/wiki/Roggenrola_(Pok%C3%A9mon),Rock,,20.5
0950,Klawf,https://bulbapedia.bulbagarden.net/wiki/Klawf_(Pok%C3%A9mon),Rock,,20.5
0874,Stonjourner,https://bulbapedia.bulbagarden.net/wiki/Stonjourner_(Pok%C3%A9mon),Rock,,20.5
0299,Nosepass,https://bulbapedia.bulbagarden.net/wiki/Nosepass_(Pok%C3%A9mon),Rock,,20.5
0837,Rolycoly,https://bulbapedia.bulbagarden.net/wiki/Rolycoly_(Pok%C3%A9mon),Rock,,20.5
0526,Gigalith,https://bulbapedia.bulbagarden.net/wiki/Gigalith_(Pok%C3%A9mon),Rock,,20.5
0185,Sudowoodo,https://bulbapedia.bulbagarden.net/wiki/Sudowoodo_(Pok%C3%A9mon),Rock,,20.5
0584,Vanilluxe,https://bulbapedia.bulbagarden.net/wiki/Vanilluxe_(Pok%C3%A9mon),Ice,,20.0
0631,Heatmor,https://bulbapedia.bulbagarden.net/wiki/Heatmor_(Pok%C3%A9mon),Fire,,20.0
0815,Cinderace,https://bulbapedia.bulbagarden.net/wiki/Cinderace_(Pok%C3%A9mon),Fire,,20.0
0814,Raboot,https://bulbapedia.bulbagarden.net/wiki/Raboot_(Pok%C3%A9mon),Fire,,20.0
0813,Scorbunny,https://bulbapedia.bulbagarden.net/wiki/Scorbunny_(Pok%C3%A9mon),Fire,,20.0
0390,Chimchar,https://bulbapedia.bulbagarden.net/wiki/Chimchar_(Pok%C3%A9mon),Fire,,20.0
0654,Braixen,https://bulbapedia.bulbagarden.net/wiki/Braixen_(Pok%C3%A9mon),Fire,,20.0
0362,Glalie,https://bulbapedia.bulbagarden.net/wiki/Glalie_(Pok%C3%A9mon),Ice,,20.0
0875,Eiscue,https://bulbapedia.bulbagarden.net/wiki/Eiscue_(Pok%C3%A9mon),Ice,,20.0
0126,Magmar,https://bulbapedia.bulbagarden.net/wiki/Magmar_(Pok%C3%A9mon),Fire,,20.0
0653,Fennekin,https://bulbapedia.bulbagarden.net/wiki/Fennekin_(Pok%C3%A9mon),Fire,,20.0
0157,Typhlosion,https://bulbapedia.bulbagarden.net/wiki/Typhlosion_(Pok%C3%A9mon),Fire,,20.0
0361,Snorunt,https://bulbapedia.bulbagarden.net/wiki/Snorunt_(Pok%C3%A9mon),Ice,,20.0
0615,Cryogonal,https://bulbapedia.bulbagarden.net/wiki/Cryogonal_(Pok%C3%A9mon),Ice,,20.0
0614,Beartic,https://bulbapedia.bulbagarden.net/wiki/Beartic_(Pok%C3%A9mon),Ice,,20.0
0613,Cubchoo,https://bulbapedia.bulbagarden.net/wiki/Cubchoo_(Pok%C3%A9mon),Ice,,20.0
0583,Vanillish,https://bulbapedia.bulbagarden.net/wiki/Vanillish_(Pok%C3%A9mon),Ice,,20.0
0155,Cyndaquil,https://bulbapedia.bulbagarden.net/wiki/Cyndaquil_(Pok%C3%A9mon),Fire,,20.0
0218,Slugma,https://bulbapedia.bulbagarden.net/wiki/Slugma_(Pok%C3%A9mon),Fire,,20.0
0136,Flareon,https://bulbapedia.bulbagarden.net/wiki/Flareon_(Pok%C3%A9mon),Fire,,20.0
0156,Quilava,https://bulbapedia.bulbagarden.net/wiki/Quilava_(Pok%C3%A9mon),Fire,,20.0
0513,Pansear,https://bulbapedia.bulbagarden.net/wiki/Pansear_(Pok%C3%A9mon),Fire,,20.0
0582,Vanillite,https://bulbapedia.bulbagarden.net/wiki/Vanillite_(Pok%C3%A9mon),Ice,,20.0
0058,Growlithe,https://bulbapedia.bulbagarden.net/wiki/Growlithe_(Pok%C3%A9mon),Fire,,20.0
0467,Magmortar,https://bulbapedia.bulbagarden.net/wiki/Magmortar_(Pok%C3%A9mon),Fire,,20.0
0725,Litten,https://bulbapedia.bulbagarden.net/wiki/Litten_(Pok%C3%A9mon),Fire,,20.0
0974,Cetoddle,https://bulbapedia.bulbagarden.net/wiki/Cetoddle_(Pok%C3%A9mon),Ice,,20.0
0975,Cetitan,https://bulbapedia.bulbagarden.net/wiki/Cetitan_(Pok%C3%A9mon),Ice,,20.0
0471,Glaceon,https://bulbapedia.bulbagarden.net/wiki/Glaceon_(Pok%C3%A9mon),Ice,,20.0
0713,Avalugg,https://bulbapedia.bulbagarden.net/wiki/Avalugg_(Pok%C3%A9mon),Ice,,20.0
0059,Arcanine,https://bulbapedia.bulbagarden.net/wiki/Arcanine_(Pok%C3%A9mon),Fire,,20.0
0712,Bergmite,https://bulbapedia.bulbagarden.net/wiki/Bergmite_(Pok%C3%A9mon),Ice,,20.0
0077,Ponyta,https://bulbapedia.bulbagarden.net/wiki/Ponyta_(Pok%C3%A9mon),Fire,,20.0
0514,Simisear,https://bulbapedia.bulbagarden.net/wiki/Simisear_(Pok%C3%A9mon),Fire,,20.0
0038,Ninetales,https://bulbapedia.bulbagarden.net/wiki/Ninetales_(Pok%C3%A9mon),Fire,,20.0
0037,Vulpix,https://bulbapedia.bulbagarden.net/wiki/Vulpix_(Pok%C3%A9mon),Fire,,20.0
0324,Torkoal,https://bulbapedia.bulbagarden.net/wiki/Torkoal_(Pok%C3%A9mon),Fire,,20.0
0498,Tepig,https://bulbapedia.bulbagarden.net/wiki/Tepig_(Pok%C3%A9mon),Fire,,20.0
0005,Charmeleon,https://bulbapedia.bulbagarden.net/wiki/Charmeleon_(Pok%C3%A9mon),Fire,,20.0
0004,Charmander,https://bulbapedia.bulbagarden.net/wiki/Charmander_(Pok%C3%A9mon),Fire,,20.0
0896,Glastrier,https://bulbapedia.bulbagarden.net/wiki/Glastrier_(Pok%C3%A9mon),Ice,,20.0
0726,Torracat,https://bulbapedia.bulbagarden.net/wiki/Torracat_(Pok%C3%A9mon),Fire,,20.0
0244,Entei,https://bulbapedia.bulbagarden.net/wiki/Entei_(Pok%C3%A9mon),Fire,,20.0
0554,Darumaka,https://bulbapedia.bulbagarden.net/wiki/Darumaka_(Pok%C3%A9mon),Fire,,20.0
0909,Fuecoco,https://bulbapedia.bulbagarden.net/wiki/Fuecoco_(Pok%C3%A9mon),Fire,,20.0
0910,Crocalor,https://bulbapedia.bulbagarden.net/wiki/Crocalor_(Pok%C3%A9mon),Fire,,20.0
0240,Magby,https://bulbapedia.bulbagarden.net/wiki/Magby_(Pok%C3%A9mon),Fire,,20.0
0935,Charcadet,https://bulbapedia.bulbagarden.net/wiki/Charcadet_(Pok%C3%A9mon),Fire,,20.0
0555,Darmanitan,https://bulbapedia.bulbagarden.net/wiki/Darmanitan_(Pok%C3%A9mon),Fire,,20.0
0378,Regice,https://bulbapedia.bulbagarden.net/wiki/Regice_(Pok%C3%A9mon),Ice,,20.0
0255,Torchic,https://bulbapedia.bulbagarden.net/wiki/Torchic_(Pok%C3%A9mon),Fire,,20.0
0078,Rapidash,https://bulbapedia.bulbagarden.net/wiki/Rapidash_(Pok%C3%A9mon),Fire,,20.0
0223,Remoraid,https://bulbapedia.bulbagarden.net/wiki/Remoraid_(Pok%C3%A9mon),Water,,19.5
0224,Octillery,https://bulbapedia.bulbagarden.net/wiki/Octillery_(Pok%C3%A9mon),Water,,19.5
0817,Drizzile,https://bulbapedia.bulbagarden.net/wiki/Drizzile_(Pok%C3%A9mon),Water,,19.5
0816,Sobble,https://bulbapedia.bulbagarden.net/wiki/Sobble_(Pok%C3%A9mon),Water,,19.5
0764,Comfey,https://bulbapedia.bulbagarden.net/wiki/Comfey_(Pok%C3%A9mon),Fairy,,19.5
0236,Tyrogue,https://bulbapedia.bulbagarden.net/wiki/Tyrogue_(Pok%C3%A9mon),Fighting,,19.5
0766,Passimian,https://bulbapedia.bulbagarden.net/wiki/Passimian_(Pok%C3%A9mon),Fighting,,19.5
0729,Brionne,https://bulbapedia.bulbagarden.net/wiki/Brionne_(Pok%C3%A9mon),Water,,19.5
0700,Sylveon,https://bulbapedia.bulbagarden.net/wiki/Sylveon_(Pok%C3%A9mon),Fairy,,19.5
0210,Granbull,https://bulbapedia.bulbagarden.net/wiki/Granbull_(Pok%C3%A9mon),Fairy,,19.5
0771,Pyukumuku,https://bulbapedia.bulbagarden.net/wiki/Pyukumuku_(Pok%C3%A9mon),Water,,19.5
0297,Hariyama,https://bulbapedia.bulbagarden.net/wiki/Hariyama_(Pok%C3%A9mon),Fighting,,19.5
0186,Politoed,https://bulbapedia.bulbagarden.net/wiki/Politoed_(Pok%C3%A9mon),Water,,19.5
0175,Togepi,https://bulbapedia.bulbagarden.net/wiki/Togepi_(Pok%C3%A9mon),Fairy,,19.5
0296,Makuhita,https://bulbapedia.bulbagarden.net/wiki/Makuhita_(Pok%C3%A9mon),Fighting,,19.5
0728,Popplio,https://bulbapedia.bulbagarden.net/wiki/Popplio_(Pok%C3%A9mon),Water,,19.5
0258,Mudkip,https://bulbapedia.bulbagarden.net/wiki/Mudkip_(Pok%C3%A9mon),Water,,19.5
0245,Suicune,https://bulbapedia.bulbagarden.net/wiki/Suicune_(Pok%C3%A9mon),Water,,19.5
0746,Wishiwashi,https://bulbapedia.bulbagarden.net/wiki/Wishiwashi_(Pok%C3%A9mon),Water,,19.5
0716,Xerneas,https://bulbapedia.bulbagarden.net/wiki/Xerneas_(Pok%C3%A9mon),Fairy,,19.5
0209,Snubbull,https://bulbapedia.bulbagarden.net/wiki/Snubbull_(Pok%C3%A9mon),Fairy,,19.5
0739,Crabrawler,https://bulbapedia.bulbagarden.net/wiki/Crabrawler_(Pok%C3%A9mon),Fighting,,19.5
0888,Zacian,https://bulbapedia.bulbagarden.net/wiki/Zacian_(Pok%C3%A9mon),Fairy,,19.5
0818,Inteleon,https://bulbapedia.bulbagarden.net/wiki/Inteleon_(Pok%C3%A9mon),Water,,19.5
0821,Rookidee,https://bulbapedia.bulbagarden.net/wiki/Rookidee_(Pok%C3%A9mon),Flying,,19.5
0926,Fidough,https://bulbapedia.bulbagarden.net/wiki/Fidough_(Pok%C3%A9mon),Fairy,,19.5
0927,Dachsbun,https://bulbapedia.bulbagarden.net/wiki/Dachsbun_(Pok%C3%A9mon),Fairy,,19.5
0099,Kingler,https://bulbapedia.bulbagarden.net/wiki/Kingler_(Pok%C3%A9mon),Water,,19.5
0098,Krabby,https://bulbapedia.bulbagarden.net/wiki/Krabby_(Pok%C3%A9mon),Water,,19.5
0090,Shellder,https://bulbapedia.bulbagarden.net/wiki/Shellder_(Pok%C3%A9mon),Water,,19.5
0086,Seel,https://bulbapedia.bulbagarden.net/wiki/Seel_(Pok%C3%A9mon),Water,,19.5
0068,Machamp,https://bulbapedia.bulbagarden.net/wiki/Machamp_(Pok%C3%A9mon),Fighting,,19.5
0960,Wiglett,https://bulbapedia.bulbagarden.net/wiki/Wiglett_(Pok%C3%A9mon),Water,,19.5
0961,Wugtrio,https://bulbapedia.bulbagarden.net/wiki/Wugtrio_(Pok%C3%A9mon),Water,,19.5
0067,Machoke,https://bulbapedia.bulbagarden.net/wiki/Machoke_(Pok%C3%A9mon),Fighting,,19.5
0963,Finizen,https://bulbapedia.bulbagarden.net/wiki/Finizen_(Pok%C3%A9mon),Water,,19.5
0964,Palafin,https://bulbapedia.bulbagarden.net/wiki/Palafin_(Pok%C3%A9mon),Water,,19.5
0066,Machop,https://bulbapedia.bulbagarden.net/wiki/Machop_(Pok%C3%A9mon),Fighting,,19.5
0061,Poliwhirl,https://bulbapedia.bulbagarden.net/wiki/Poliwhirl_(Pok%C3%A9mon),Water,,19.5
0060,Poliwag,https://bulbapedia.bulbagarden.net/wiki/Poliwag_(Pok%C3%A9mon),Water,,19.5
0977,Dondozo,https://bulbapedia.bulbagarden.net/wiki/Dondozo_(Pok%C3%A9mon),Water,,19.5
0057,Primeape,https://bulbapedia.bulbagarden.net/wiki/Primeape_(Pok%C3%A9mon),Fighting,,19.5
0056,Mankey,https://bulbapedia.bulbagarden.net/wiki/Mankey_(Pok%C3%A9mon),Fighting,,19.5
0055,Golduck,https://bulbapedia.bulbagarden.net/wiki/Golduck_(Pok%C3%A9mon),Water,,19.5
0054,Psyduck,https://bulbapedia.bulbagarden.net/wiki/Psyduck_(Pok%C3%A9mon),Water,,19.5
0036,Clefable,https://bulbapedia.bulbagarden.net/wiki/Clefable_(Pok%C3%A9mon),Fairy,,19.5
0035,Clefairy,https://bulbapedia.bulbagarden.net/wiki/Clefairy_(Pok%C3%A9mon),Fairy,,19.5
0009,Blastoise,https://bulbapedia.bulbagarden.net/wiki/Blastoise_(Pok%C3%A9mon),Water,,19.5
0008,Wartortle,https://bulbapedia.bulbagarden.net/wiki/Wartortle_(Pok%C3%A9mon),Water,,19.5
0007,Squirtle,https://bulbapedia.bulbagarden.net/wiki/Squirtle_(Pok%C3%A9mon),Water,,19.5
0913,Quaxwell,https://bulbapedia.bulbagarden.net/wiki/Quaxwell_(Pok%C3%A9mon),Water,,19.5
0912,Quaxly,https://bulbapedia.bulbagarden.net/wiki/Quaxly_(Pok%C3%A9mon),Water,,19.5
0106,Hitmonlee,https://bulbapedia.bulbagarden.net/wiki/Hitmonlee_(Pok%C3%A9mon),Fighting,,19.5
0868,Milcery,https://bulbapedia.bulbagarden.net/wiki/Milcery_(Pok%C3%A9mon),Fairy,,19.5
0822,Corvisquire,https://bulbapedia.bulbagarden.net/wiki/Corvisquire_(Pok%C3%A9mon),Flying,,19.5
0173,Cleffa,https://bulbapedia.bulbagarden.net/wiki/Cleffa_(Pok%C3%A9mon),Fairy,,19.5
0833,Chewtle,https://bulbapedia.bulbagarden.net/wiki/Chewtle_(Pok%C3%A9mon),Water,,19.5
0160,Feraligatr,https://bulbapedia.bulbagarden.net/wiki/Feraligatr_(Pok%C3%A9mon),Water,,19.5
0159,Croconaw,https://bulbapedia.bulbagarden.net/wiki/Croconaw_(Pok%C3%A9mon),Water,,19.5
0158,Totodile,https://bulbapedia.bulbagarden.net/wiki/Totodile_(Pok%C3%A9mon),Water,,19.5
0846,Arrokuda,https://bulbapedia.bulbagarden.net/wiki/Arrokuda_(Pok%C3%A9mon),Water,,19.5
0847,Barraskewda,https://bulbapedia.bulbagarden.net/wiki/Barraskewda_(Pok%C3%A9mon),Water,,19.5
0852,Clobbopus,https://bulbapedia.bulbagarden.net/wiki/Clobbopus_(Pok%C3%A9mon),Fighting,,19.5
0853,Grapploct,https://bulbapedia.bulbagarden.net/wiki/Grapploct_(Pok%C3%A9mon),Fighting,,19.5
0865,Sirfetch'd,https://bulbapedia.bulbagarden.net/wiki/Sirfetch%27d_(Pok%C3%A9mon),Fighting,,19.5
0869,Alcremie,https://bulbapedia.bulbagarden.net/wiki/Alcremie_(Pok%C3%A9mon),Fairy,,19.5
0107,Hitmonchan,https://bulbapedia.bulbagarden.net/wiki/Hitmonchan_(Pok%C3%A9mon),Fighting,,19.5
0870,Falinks,https://bulbapedia.bulbagarden.net/wiki/Falinks_(Pok%C3%A9mon),Fighting,,19.5
0134,Vaporeon,https://bulbapedia.bulbagarden.net/wiki/Vaporeon_(Pok%C3%A9mon),Water,,19.5
0129,Magikarp,https://bulbapedia.bulbagarden.net/wiki/Magikarp_(Pok%C3%A9mon),Water,,19.5
0120,Staryu,https://bulbapedia.bulbagarden.net/wiki/Staryu_(Pok%C3%A9mon),Water,,19.5
0692,Clauncher,https://bulbapedia.bulbagarden.net/wiki/Clauncher_(Pok%C3%A9mon),Water,,19.5
0889,Zamazenta,https://bulbapedia.bulbagarden.net/wiki/Zamazenta_(Pok%C3%A9mon),Fighting,,19.5
0119,Seaking,https://bulbapedia.bulbagarden.net/wiki/Seaking_(Pok%C3%A9mon),Water,,19.5
0891,Kubfu,https://bulbapedia.bulbagarden.net/wiki/Kubfu_(Pok%C3%A9mon),Fighting,,19.5
0118,Goldeen,https://bulbapedia.bulbagarden.net/wiki/Goldeen_(Pok%C3%A9mon),Water,,19.5
0117,Seadra,https://bulbapedia.bulbagarden.net/wiki/Seadra_(Pok%C3%A9mon),Water,,19.5
0116,Horsea,https://bulbapedia.bulbagarden.net/wiki/Horsea_(Pok%C3%A9mon),Water,,19.5
0693,Clawitzer,https://bulbapedia.bulbagarden.net/wiki/Clawitzer_(Pok%C3%A9mon),Water,,19.5
0237,Hitmontop,https://bulbapedia.bulbagarden.net/wiki/Hitmontop_(Pok%C3%A9mon),Fighting,,19.5
0341,Corphish,https://bulbapedia.bulbagarden.net/wiki/Corphish_(Pok%C3%A9mon),Water,,19.5
0620,Mienshao,https://bulbapedia.bulbagarden.net/wiki/Mienshao_(Pok%C3%A9mon),Fighting,,19.5
0533,Gurdurr,https://bulbapedia.bulbagarden.net/wiki/Gurdurr_(Pok%C3%A9mon),Fighting,,19.5
0641,Tornadus,https://bulbapedia.bulbagarden.net/wiki/Tornadus_(Pok%C3%A9mon),Flying,,19.5
0656,Froakie,https://bulbapedia.bulbagarden.net/wiki/Froakie_(Pok%C3%A9mon),Water,,19.5
0534,Conkeldurr,https://bulbapedia.bulbagarden.net/wiki/Conkeldurr_(Pok%C3%A9mon),Fighting,,19.5
0657,Frogadier,https://bulbapedia.bulbagarden.net/wiki/Frogadier_(Pok%C3%A9mon),Water,,19.5
0535,Tympole,https://bulbapedia.bulbagarden.net/wiki/Tympole_(Pok%C3%A9mon),Water,,19.5
0538,Throh,https://bulbapedia.bulbagarden.net/wiki/Throh_(Pok%C3%A9mon),Fighting,,19.5
0674,Pancham,https://bulbapedia.bulbagarden.net/wiki/Pancham_(Pok%C3%A9mon),Fighting,,19.5
0539,Sawk,https://bulbapedia.bulbagarden.net/wiki/Sawk_(Pok%C3%A9mon),Fighting,,19.5
0457,Lumineon,https://bulbapedia.bulbagarden.net/wiki/Lumineon_(Pok%C3%A9mon),Water,,19.5
0456,Finneon,https://bulbapedia.bulbagarden.net/wiki/Finneon_(Pok%C3%A9mon),Water,,19.5
0550,Basculin,https://bulbapedia.bulbagarden.net/wiki/Basculin_(Pok%C3%A9mon),Water,,19.5
0594,Alomomola,https://bulbapedia.bulbagarden.net/wiki/Alomomola_(Pok%C3%A9mon),Water,,19.5
0447,Riolu,https://bulbapedia.bulbagarden.net/wiki/Riolu_(Pok%C3%A9mon),Fighting,,19.5
0418,Buizel,https://bulbapedia.bulbagarden.net/wiki/Buizel_(Pok%C3%A9mon),Water,,19.5
0671,Florges,https://bulbapedia.bulbagarden.net/wiki/Florges_(Pok%C3%A9mon),Fairy,,19.5
0419,Floatzel,https://bulbapedia.bulbagarden.net/wiki/Floatzel_(Pok%C3%A9mon),Water,,19.5
0422,Shellos,https://bulbapedia.bulbagarden.net/wiki/Shellos_(Pok%C3%A9mon),Water,,19.5
0350,Milotic,https://bulbapedia.bulbagarden.net/wiki/Milotic_(Pok%C3%A9mon),Water,,19.5
0670,Floette,https://bulbapedia.bulbagarden.net/wiki/Floette_(Pok%C3%A9mon),Fairy,,19.5
0669,Flabb,https://bulbapedia.bulbagarden.net/wiki/Flab%C3%A9b%C3%A9_(Pok%C3%A9mon),Fairy,,19.5
0532,Timburr,https://bulbapedia.bulbagarden.net/wiki/Timburr_(Pok%C3%A9mon),Fighting,,19.5
0619,Mienfoo,https://bulbapedia.bulbagarden.net/wiki/Mienfoo_(Pok%C3%A9mon),Fighting,,19.5
0394,Prinplup,https://bulbapedia.bulbagarden.net/wiki/Prinplup_(Pok%C3%A9mon),Water,,19.5
0515,Panpour,https://bulbapedia.bulbagarden.net/wiki/Panpour_(Pok%C3%A9mon),Water,,19.5
0320,Wailmer,https://bulbapedia.bulbagarden.net/wiki/Wailmer_(Pok%C3%A9mon),Water,,19.5
0321,Wailord,https://bulbapedia.bulbagarden.net/wiki/Wailord_(Pok%C3%A9mon),Water,,19.5
0490,Manaphy,https://bulbapedia.bulbagarden.net/wiki/Manaphy_(Pok%C3%A9mon),Water,,19.5
0489,Phione,https://bulbapedia.bulbagarden.net/wiki/Phione_(Pok%C3%A9mon),Water,,19.5
0501,Oshawott,https://bulbapedia.bulbagarden.net/wiki/Oshawott_(Pok%C3%A9mon),Water,,19.5
0502,Dewott,https://bulbapedia.bulbagarden.net/wiki/Dewott_(Pok%C3%A9mon),Water,,19.5
0503,Samurott,https://bulbapedia.bulbagarden.net/wiki/Samurott_(Pok%C3%A9mon),Water,,19.5
0367,Huntail,https://bulbapedia.bulbagarden.net/wiki/Huntail_(Pok%C3%A9mon),Water,,19.5
0368,Gorebyss,https://bulbapedia.bulbagarden.net/wiki/Gorebyss_(Pok%C3%A9mon),Water,,19.5
0393,Piplup,https://bulbapedia.bulbagarden.net/wiki/Piplup_(Pok%C3%A9mon),Water,,19.5
0366,Clamperl,https://bulbapedia.bulbagarden.net/wiki/Clamperl_(Pok%C3%A9mon),Water,,19.5
0516,Simipour,https://bulbapedia.bulbagarden.net/wiki/Simipour_(Pok%C3%A9mon),Water,,19.5
0370,Luvdisc,https://bulbapedia.bulbagarden.net/wiki/Luvdisc_(Pok%C3%A9mon),Water,,19.5
0685,Slurpuff,https://bulbapedia.bulbagarden.net/wiki/Slurpuff_(Pok%C3%A9mon),Fairy,,19.5
0684,Swirlix,https://bulbapedia.bulbagarden.net/wiki/Swirlix_(Pok%C3%A9mon),Fairy,,19.5
0683,Aromatisse,https://bulbapedia.bulbagarden.net/wiki/Aromatisse_(Pok%C3%A9mon),Fairy,,19.5
0682,Spritzee,https://bulbapedia.bulbagarden.net/wiki/Spritzee_(Pok%C3%A9mon),Fairy,,19.5
0382,Kyogre,https://bulbapedia.bulbagarden.net/wiki/Kyogre_(Pok%C3%A9mon),Water,,19.5
0349,Feebas,https://bulbapedia.bulbagarden.net/wiki/Feebas_(Pok%C3%A9mon),Water,,19.5
0599,Klink,https://bulbapedia.bulbagarden.net/wiki/Klink_(Pok%C3%A9mon),Steel,,19.0
0878,Cufant,https://bulbapedia.bulbagarden.net/wiki/Cufant_(Pok%C3%A9mon),Steel,,19.0
0879,Copperajah,https://bulbapedia.bulbagarden.net/wiki/Copperajah_(Pok%C3%A9mon),Steel,,19.0
0379,Registeel,https://bulbapedia.bulbagarden.net/wiki/Registeel_(Pok%C3%A9mon),Steel,,19.0
0809,Melmetal,https://bulbapedia.bulbagarden.net/wiki/Melmetal_(Pok%C3%A9mon),Steel,,19.0
0600,Klang,https://bulbapedia.bulbagarden.net/wiki/Klang_(Pok%C3%A9mon),Steel,,19.0
0601,Klinklang,https://bulbapedia.bulbagarden.net/wiki/Klinklang_(Pok%C3%A9mon),Steel,,19.0
0863,Perrserker,https://bulbapedia.bulbagarden.net/wiki/Perrserker_(Pok%C3%A9mon),Steel,,19.0
0808,Meltan,https://bulbapedia.bulbagarden.net/wiki/Meltan_(Pok%C3%A9mon),Steel,,19.0
0968,Orthworm,https://bulbapedia.bulbagarden.net/wiki/Orthworm_(Pok%C3%A9mon),Steel,,19.0
0353,Shuppet,https://bulbapedia.bulbagarden.net/wiki/Shuppet_(Pok%C3%A9mon),Ghost,,18.5
0354,Banette,https://bulbapedia.bulbagarden.net/wiki/Banette_(Pok%C3%A9mon),Ghost,,18.5
0563,Cofagrigus,https://bulbapedia.bulbagarden.net/wiki/Cofagrigus_(Pok%C3%A9mon),Ghost,,18.5
0864,Cursola,https://bulbapedia.bulbagarden.net/wiki/Cursola_(Pok%C3%A9mon),Ghost,,18.5
0971,Greavard,https://bulbapedia.bulbagarden.net/wiki/Greavard_(Pok%C3%A9mon),Ghost,,18.5
0356,Dusclops,https://bulbapedia.bulbagarden.net/wiki/Dusclops_(Pok%C3%A9mon),Ghost,,18.5
0855,Polteageist,https://bulbapedia.bulbagarden.net/wiki/Polteageist_(Pok%C3%A9mon),Ghost,,18.5
0854,Sinistea,https://bulbapedia.bulbagarden.net/wiki/Sinistea_(Pok%C3%A9mon),Ghost,,18.5
0359,Absol,https://bulbapedia.bulbagarden.net/wiki/Absol_(Pok%C3%A9mon),Dark,,18.5
0562,Yamask,https://bulbapedia.bulbagarden.net/wiki/Yamask_(Pok%C3%A9mon),Ghost,,18.5
0477,Dusknoir,https://bulbapedia.bulbagarden.net/wiki/Dusknoir_(Pok%C3%A9mon),Ghost,,18.5
0200,Misdreavus,https://bulbapedia.bulbagarden.net/wiki/Misdreavus_(Pok%C3%A9mon),Ghost,,18.5
0197,Umbreon,https://bulbapedia.bulbagarden.net/wiki/Umbreon_(Pok%C3%A9mon),Dark,,18.5
0828,Thievul,https://bulbapedia.bulbagarden.net/wiki/Thievul_(Pok%C3%A9mon),Dark,,18.5
0827,Nickit,https://bulbapedia.bulbagarden.net/wiki/Nickit_(Pok%C3%A9mon),Dark,,18.5
0510,Liepard,https://bulbapedia.bulbagarden.net/wiki/Liepard_(Pok%C3%A9mon),Dark,,18.5
0509,Purrloin,https://bulbapedia.bulbagarden.net/wiki/Purrloin_(Pok%C3%A9mon),Dark,,18.5
0999,Gimmighoul,https://bulbapedia.bulbagarden.net/wiki/Gimmighoul_(Pok%C3%A9mon),Ghost,,18.5
0972,Houndstone,https://bulbapedia.bulbagarden.net/wiki/Houndstone_(Pok%C3%A9mon),Ghost,,18.5
0355,Duskull,https://bulbapedia.bulbagarden.net/wiki/Duskull_(Pok%C3%A9mon),Ghost,,18.5
0262,Mightyena,https://bulbapedia.bulbagarden.net/wiki/Mightyena_(Pok%C3%A9mon),Dark,,18.5
0943,Mabosstiff,https://bulbapedia.bulbagarden.net/wiki/Mabosstiff_(Pok%C3%A9mon),Dark,,18.5
0429,Mismagius,https://bulbapedia.bulbagarden.net/wiki/Mismagius_(Pok%C3%A9mon),Ghost,,18.5
0570,Zorua,https://bulbapedia.bulbagarden.net/wiki/Zorua_(Pok%C3%A9mon),Dark,,18.5
0571,Zoroark,https://bulbapedia.bulbagarden.net/wiki/Zoroark_(Pok%C3%A9mon),Dark,,18.5
0897,Spectrier,https://bulbapedia.bulbagarden.net/wiki/Spectrier_(Pok%C3%A9mon),Ghost,,18.5
0942,Maschiff,https://bulbapedia.bulbagarden.net/wiki/Maschiff_(Pok%C3%A9mon),Dark,,18.5
0491,Darkrai,https://bulbapedia.bulbagarden.net/wiki/Darkrai_(Pok%C3%A9mon),Dark,,18.5
0261,Poochyena,https://bulbapedia.bulbagarden.net/wiki/Poochyena_(Pok%C3%A9mon),Dark,,18.5
0606,Beheeyem,https://bulbapedia.bulbagarden.net/wiki/Beheeyem_(Pok%C3%A9mon),Psychic,,18.0
0433,Chingling,https://bulbapedia.bulbagarden.net/wiki/Chingling_(Pok%C3%A9mon),Psychic,,18.0
0488,Cresselia,https://bulbapedia.bulbagarden.net/wiki/Cresselia_(Pok%C3%A9mon),Psychic,,18.0
0956,Espathra,https://bulbapedia.bulbagarden.net/wiki/Espathra_(Pok%C3%A9mon),Psychic,,18.0
0064,Kadabra,https://bulbapedia.bulbagarden.net/wiki/Kadabra_(Pok%C3%A9mon),Psychic,,18.0
0063,Abra,https://bulbapedia.bulbagarden.net/wiki/Abra_(Pok%C3%A9mon),Psychic,,18.0
0517,Munna,https://bulbapedia.bulbagarden.net/wiki/Munna_(Pok%C3%A9mon),Psychic,,18.0
0518,Musharna,https://bulbapedia.bulbagarden.net/wiki/Musharna_(Pok%C3%A9mon),Psychic,,18.0
0482,Azelf,https://bulbapedia.bulbagarden.net/wiki/Azelf_(Pok%C3%A9mon),Psychic,,18.0
0386,Deoxys,https://bulbapedia.bulbagarden.net/wiki/Deoxys_(Pok%C3%A9mon),Psychic,,18.0
0574,Gothita,https://bulbapedia.bulbagarden.net/wiki/Gothita_(Pok%C3%A9mon),Psychic,,18.0
0575,Gothorita,https://bulbapedia.bulbagarden.net/wiki/Gothorita_(Pok%C3%A9mon),Psychic,,18.0
0576,Gothitelle,https://bulbapedia.bulbagarden.net/wiki/Gothitelle_(Pok%C3%A9mon),Psychic,,18.0
0481,Mesprit,https://bulbapedia.bulbagarden.net/wiki/Mesprit_(Pok%C3%A9mon),Psychic,,18.0
0480,Uxie,https://bulbapedia.bulbagarden.net/wiki/Uxie_(Pok%C3%A9mon),Psychic,,18.0
0577,Solosis,https://bulbapedia.bulbagarden.net/wiki/Solosis_(Pok%C3%A9mon),Psychic,,18.0
0578,Duosion,https://bulbapedia.bulbagarden.net/wiki/Duosion_(Pok%C3%A9mon),Psychic,,18.0
0065,Alakazam,https://bulbapedia.bulbagarden.net/wiki/Alakazam_(Pok%C3%A9mon),Psychic,,18.0
0579,Reuniclus,https://bulbapedia.bulbagarden.net/wiki/Reuniclus_(Pok%C3%A9mon),Psychic,,18.0
0955,Flittle,https://bulbapedia.bulbagarden.net/wiki/Flittle_(Pok%C3%A9mon),Psychic,,18.0
0856,Hatenna,https://bulbapedia.bulbagarden.net/wiki/Hatenna_(Pok%C3%A9mon),Psychic,,18.0
0857,Hattrem,https://bulbapedia.bulbagarden.net/wiki/Hattrem_(Pok%C3%A9mon),Psychic,,18.0
0096,Drowzee,https://bulbapedia.bulbagarden.net/wiki/Drowzee_(Pok%C3%A9mon),Psychic,,18.0
0150,Mewtwo,https://bulbapedia.bulbagarden.net/wiki/Mewtwo_(Pok%C3%A9mon),Psychic,,18.0
0605,Elgyem,https://bulbapedia.bulbagarden.net/wiki/Elgyem_(Pok%C3%A9mon),Psychic,,18.0
0097,Hypno,https://bulbapedia.bulbagarden.net/wiki/Hypno_(Pok%C3%A9mon),Psychic,,18.0
0151,Mew,https://bulbapedia.bulbagarden.net/wiki/Mew_(Pok%C3%A9mon),Psychic,,18.0
0678,Meowstic,https://bulbapedia.bulbagarden.net/wiki/Meowstic_(Pok%C3%A9mon),Psychic,,18.0
0789,Cosmog,https://bulbapedia.bulbagarden.net/wiki/Cosmog_(Pok%C3%A9mon),Psychic,,18.0
0677,Espurr,https://bulbapedia.bulbagarden.net/wiki/Espurr_(Pok%C3%A9mon),Psychic,,18.0
0358,Chimecho,https://bulbapedia.bulbagarden.net/wiki/Chimecho_(Pok%C3%A9mon),Psychic,,18.0
0790,Cosmoem,https://bulbapedia.bulbagarden.net/wiki/Cosmoem_(Pok%C3%A9mon),Psychic,,18.0
0326,Grumpig,https://bulbapedia.bulbagarden.net/wiki/Grumpig_(Pok%C3%A9mon),Psychic,,18.0
0360,Wynaut,https://bulbapedia.bulbagarden.net/wiki/Wynaut_(Pok%C3%A9mon),Psychic,,18.0
0800,Necrozma,https://bulbapedia.bulbagarden.net/wiki/Necrozma_(Pok%C3%A9mon),Psychic,,18.0
0196,Espeon,https://bulbapedia.bulbagarden.net/wiki/Espeon_(Pok%C3%A9mon),Psychic,,18.0
0325,Spoink,https://bulbapedia.bulbagarden.net/wiki/Spoink_(Pok%C3%A9mon),Psychic,,18.0
0201,Unown,https://bulbapedia.bulbagarden.net/wiki/Unown_(Pok%C3%A9mon),Psychic,,18.0
0202,Wobbuffet,https://bulbapedia.bulbagarden.net/wiki/Wobbuffet_(Pok%C3%A9mon),Psychic,,18.0
0268,Cascoon,https://bulbapedia.bulbagarden.net/wiki/Cascoon_(Pok%C3%A9mon),Bug,,17.5
0906,Sprigatito,https://bulbapedia.bulbagarden.net/wiki/Sprigatito_(Pok%C3%A9mon),Grass,,17.5
0522,Blitzle,https://bulbapedia.bulbagarden.net/wiki/Blitzle_(Pok%C3%A9mon),Electric,,17.5
0273,Seedot,https://bulbapedia.bulbagarden.net/wiki/Seedot_(Pok%C3%A9mon),Grass,,17.5
0907,Floragato,https://bulbapedia.bulbagarden.net/wiki/Floragato_(Pok%C3%A9mon),Grass,,17.5
0285,Shroomish,https://bulbapedia.bulbagarden.net/wiki/Shroomish_(Pok%C3%A9mon),Grass,,17.5
0114,Tangela,https://bulbapedia.bulbagarden.net/wiki/Tangela_(Pok%C3%A9mon),Grass,,17.5
0523,Zebstrika,https://bulbapedia.bulbagarden.net/wiki/Zebstrika_(Pok%C3%A9mon),Electric,,17.5
0492,Shaymin,https://bulbapedia.bulbagarden.net/wiki/Shaymin_(Pok%C3%A9mon),Grass,,17.5
0179,Mareep,https://bulbapedia.bulbagarden.net/wiki/Mareep_(Pok%C3%A9mon),Electric,,17.5
0762,Steenee,https://bulbapedia.bulbagarden.net/wiki/Steenee_(Pok%C3%A9mon),Grass,,17.5
0761,Bounsweet,https://bulbapedia.bulbagarden.net/wiki/Bounsweet_(Pok%C3%A9mon),Grass,,17.5
0125,Electabuzz,https://bulbapedia.bulbagarden.net/wiki/Electabuzz_(Pok%C3%A9mon),Electric,,17.5
0705,Sliggoo,https://bulbapedia.bulbagarden.net/wiki/Sliggoo_(Pok%C3%A9mon),Dragon,,17.5
0511,Pansage,https://bulbapedia.bulbagarden.net/wiki/Pansage_(Pok%C3%A9mon),Grass,,17.5
0405,Luxray,https://bulbapedia.bulbagarden.net/wiki/Luxray_(Pok%C3%A9mon),Electric,,17.5
0512,Simisage,https://bulbapedia.bulbagarden.net/wiki/Simisage_(Pok%C3%A9mon),Grass,,17.5
0127,Pinsir,https://bulbapedia.bulbagarden.net/wiki/Pinsir_(Pok%C3%A9mon),Bug,,17.5
0706,Goodra,https://bulbapedia.bulbagarden.net/wiki/Goodra_(Pok%C3%A9mon),Dragon,,17.5
0412,Burmy,https://bulbapedia.bulbagarden.net/wiki/Burmy_(Pok%C3%A9mon),Bug,,17.5
0895,Regidrago,https://bulbapedia.bulbagarden.net/wiki/Regidrago_(Pok%C3%A9mon),Dragon,,17.5
0417,Pachirisu,https://bulbapedia.bulbagarden.net/wiki/Pachirisu_(Pok%C3%A9mon),Electric,,17.5
0763,Tsareena,https://bulbapedia.bulbagarden.net/wiki/Tsareena_(Pok%C3%A9mon),Grass,,17.5
0588,Karrablast,https://bulbapedia.bulbagarden.net/wiki/Karrablast_(Pok%C3%A9mon),Bug,,17.5
0420,Cherubi,https://bulbapedia.bulbagarden.net/wiki/Cherubi_(Pok%C3%A9mon),Grass,,17.5
0421,Cherrim,https://bulbapedia.bulbagarden.net/wiki/Cherrim_(Pok%C3%A9mon),Grass,,17.5
0894,Regieleki,https://bulbapedia.bulbagarden.net/wiki/Regieleki_(Pok%C3%A9mon),Electric,,17.5
0239,Elekid,https://bulbapedia.bulbagarden.net/wiki/Elekid_(Pok%C3%A9mon),Electric,,17.5
0753,Fomantis,https://bulbapedia.bulbagarden.net/wiki/Fomantis_(Pok%C3%A9mon),Grass,,17.5
0754,Lurantis,https://bulbapedia.bulbagarden.net/wiki/Lurantis_(Pok%C3%A9mon),Grass,,17.5
0455,Carnivine,https://bulbapedia.bulbagarden.net/wiki/Carnivine_(Pok%C3%A9mon),Grass,,17.5
0556,Maractus,https://bulbapedia.bulbagarden.net/wiki/Maractus_(Pok%C3%A9mon),Grass,,17.5
0253,Grovyle,https://bulbapedia.bulbagarden.net/wiki/Grovyle_(Pok%C3%A9mon),Grass,,17.5
0939,Bellibolt,https://bulbapedia.bulbagarden.net/wiki/Bellibolt_(Pok%C3%A9mon),Electric,,17.5
0938,Tadbulb,https://bulbapedia.bulbagarden.net/wiki/Tadbulb_(Pok%C3%A9mon),Electric,,17.5
0252,Treecko,https://bulbapedia.bulbagarden.net/wiki/Treecko_(Pok%C3%A9mon),Grass,,17.5
0673,Gogoat,https://bulbapedia.bulbagarden.net/wiki/Gogoat_(Pok%C3%A9mon),Grass,,17.5
0736,Grubbin,https://bulbapedia.bulbagarden.net/wiki/Grubbin_(Pok%C3%A9mon),Bug,,17.5
0665,Spewpa,https://bulbapedia.bulbagarden.net/wiki/Spewpa_(Pok%C3%A9mon),Bug,,17.5
0664,Scatterbug,https://bulbapedia.bulbagarden.net/wiki/Scatterbug_(Pok%C3%A9mon),Bug,,17.5
0549,Lilligant,https://bulbapedia.bulbagarden.net/wiki/Lilligant_(Pok%C3%A9mon),Grass,,17.5
0951,Capsakid,https://bulbapedia.bulbagarden.net/wiki/Capsakid_(Pok%C3%A9mon),Grass,,17.5
0548,Petilil,https://bulbapedia.bulbagarden.net/wiki/Petilil_(Pok%C3%A9mon),Grass,,17.5
0953,Rellor,https://bulbapedia.bulbagarden.net/wiki/Rellor_(Pok%C3%A9mon),Bug,,17.5
0465,Tangrowth,https://bulbapedia.bulbagarden.net/wiki/Tangrowth_(Pok%C3%A9mon),Grass,,17.5
0309,Electrike,https://bulbapedia.bulbagarden.net/wiki/Electrike_(Pok%C3%A9mon),Electric,,17.5
0466,Electivire,https://bulbapedia.bulbagarden.net/wiki/Electivire_(Pok%C3%A9mon),Electric,,17.5
0100,Voltorb,https://bulbapedia.bulbagarden.net/wiki/Voltorb_(Pok%C3%A9mon),Electric,,17.5
0101,Electrode,https://bulbapedia.bulbagarden.net/wiki/Electrode_(Pok%C3%A9mon),Electric,,17.5
0921,Pawmi,https://bulbapedia.bulbagarden.net/wiki/Pawmi_(Pok%C3%A9mon),Electric,,17.5
0243,Raikou,https://bulbapedia.bulbagarden.net/wiki/Raikou_(Pok%C3%A9mon),Electric,,17.5
0919,Nymble,https://bulbapedia.bulbagarden.net/wiki/Nymble_(Pok%C3%A9mon),Bug,,17.5
0918,Spidops,https://bulbapedia.bulbagarden.net/wiki/Spidops_(Pok%C3%A9mon),Bug,,17.5
0917,Tarountula,https://bulbapedia.bulbagarden.net/wiki/Tarountula_(Pok%C3%A9mon),Bug,,17.5
0265,Wurmple,https://bulbapedia.bulbagarden.net/wiki/Wurmple_(Pok%C3%A9mon),Bug,,17.5
0180,Flaaffy,https://bulbapedia.bulbagarden.net/wiki/Flaaffy_(Pok%C3%A9mon),Electric,,17.5
0331,Cacnea,https://bulbapedia.bulbagarden.net/wiki/Cacnea_(Pok%C3%A9mon),Grass,,17.5
0470,Leafeon,https://bulbapedia.bulbagarden.net/wiki/Leafeon_(Pok%C3%A9mon),Grass,,17.5
0266,Silcoon,https://bulbapedia.bulbagarden.net/wiki/Silcoon_(Pok%C3%A9mon),Bug,,17.5
0704,Goomy,https://bulbapedia.bulbagarden.net/wiki/Goomy_(Pok%C3%A9mon),Dragon,,17.5
0602,Tynamo,https://bulbapedia.bulbagarden.net/wiki/Tynamo_(Pok%C3%A9mon),Electric,,17.5
0401,Kricketot,https://bulbapedia.bulbagarden.net/wiki/Kricketot_(Pok%C3%A9mon),Bug,,17.5
0387,Turtwig,https://bulbapedia.bulbagarden.net/wiki/Turtwig_(Pok%C3%A9mon),Grass,,17.5
0312,Minun,https://bulbapedia.bulbagarden.net/wiki/Minun_(Pok%C3%A9mon),Electric,,17.5
0011,Metapod,https://bulbapedia.bulbagarden.net/wiki/Metapod_(Pok%C3%A9mon),Bug,,17.5
0836,Boltund,https://bulbapedia.bulbagarden.net/wiki/Boltund_(Pok%C3%A9mon),Electric,,17.5
0835,Yamper,https://bulbapedia.bulbagarden.net/wiki/Yamper_(Pok%C3%A9mon),Electric,,17.5
0010,Caterpie,https://bulbapedia.bulbagarden.net/wiki/Caterpie_(Pok%C3%A9mon),Bug,,17.5
1017,Ogerpon,https://bulbapedia.bulbagarden.net/wiki/Ogerpon_(Pok%C3%A9mon),Grass,,17.5
0313,Volbeat,https://bulbapedia.bulbagarden.net/wiki/Volbeat_(Pok%C3%A9mon),Bug,,17.5
0830,Eldegoss,https://bulbapedia.bulbagarden.net/wiki/Eldegoss_(Pok%C3%A9mon),Grass,,17.5
0829,Gossifleur,https://bulbapedia.bulbagarden.net/wiki/Gossifleur_(Pok%C3%A9mon),Grass,,17.5
0192,Sunflora,https://bulbapedia.bulbagarden.net/wiki/Sunflora_(Pok%C3%A9mon),Grass,,17.5
0388,Grotle,https://bulbapedia.bulbagarden.net/wiki/Grotle_(Pok%C3%A9mon),Grass,,17.5
0172,Pichu,https://bulbapedia.bulbagarden.net/wiki/Pichu_(Pok%C3%A9mon),Electric,,17.5
0824,Blipbug,https://bulbapedia.bulbagarden.net/wiki/Blipbug_(Pok%C3%A9mon),Bug,,17.5
0191,Sunkern,https://bulbapedia.bulbagarden.net/wiki/Sunkern_(Pok%C3%A9mon),Grass,,17.5
0617,Accelgor,https://bulbapedia.bulbagarden.net/wiki/Accelgor_(Pok%C3%A9mon),Bug,,17.5
0796,Xurkitree,https://bulbapedia.bulbagarden.net/wiki/Xurkitree_(Pok%C3%A9mon),Electric,,17.5
0497,Serperior,https://bulbapedia.bulbagarden.net/wiki/Serperior_(Pok%C3%A9mon),Grass,,17.5
0496,Servine,https://bulbapedia.bulbagarden.net/wiki/Servine_(Pok%C3%A9mon),Grass,,17.5
0495,Snivy,https://bulbapedia.bulbagarden.net/wiki/Snivy_(Pok%C3%A9mon),Grass,,17.5
0372,Shelgon,https://bulbapedia.bulbagarden.net/wiki/Shelgon_(Pok%C3%A9mon),Dragon,,17.5
0371,Bagon,https://bulbapedia.bulbagarden.net/wiki/Bagon_(Pok%C3%A9mon),Dragon,,17.5
0182,Bellossom,https://bulbapedia.bulbagarden.net/wiki/Bellossom_(Pok%C3%A9mon),Grass,,17.5
0812,Rillaboom,https://bulbapedia.bulbagarden.net/wiki/Rillaboom_(Pok%C3%A9mon),Grass,,17.5
0811,Thwackey,https://bulbapedia.bulbagarden.net/wiki/Thwackey_(Pok%C3%A9mon),Grass,,17.5
0810,Grookey,https://bulbapedia.bulbagarden.net/wiki/Grookey_(Pok%C3%A9mon),Grass,,17.5
0181,Ampharos,https://bulbapedia.bulbagarden.net/wiki/Ampharos_(Pok%C3%A9mon),Electric,,17.5
0314,Illumise,https://bulbapedia.bulbagarden.net/wiki/Illumise_(Pok%C3%A9mon),Bug,,17.5
0807,Zeraora,https://bulbapedia.bulbagarden.net/wiki/Zeraora_(Pok%C3%A9mon),Electric,,17.5
0621,Druddigon,https://bulbapedia.bulbagarden.net/wiki/Druddigon_(Pok%C3%A9mon),Dragon,,17.5
0254,Sceptile,https://bulbapedia.bulbagarden.net/wiki/Sceptile_(Pok%C3%A9mon),Grass,,17.5
0147,Dratini,https://bulbapedia.bulbagarden.net/wiki/Dratini_(Pok%C3%A9mon),Dragon,,17.5
0871,Pincurchin,https://bulbapedia.bulbagarden.net/wiki/Pincurchin_(Pok%C3%A9mon),Electric,,17.5
0604,Eelektross,https://bulbapedia.bulbagarden.net/wiki/Eelektross_(Pok%C3%A9mon),Electric,,17.5
0135,Jolteon,https://bulbapedia.bulbagarden.net/wiki/Jolteon_(Pok%C3%A9mon),Electric,,17.5
0651,Quilladin,https://bulbapedia.bulbagarden.net/wiki/Quilladin_(Pok%C3%A9mon),Grass,,17.5
0310,Manectric,https://bulbapedia.bulbagarden.net/wiki/Manectric_(Pok%C3%A9mon),Electric,,17.5
0026,Raichu,https://bulbapedia.bulbagarden.net/wiki/Raichu_(Pok%C3%A9mon),Electric,,17.5
0404,Luxio,https://bulbapedia.bulbagarden.net/wiki/Luxio_(Pok%C3%A9mon),Electric,,17.5
0025,Pikachu,https://bulbapedia.bulbagarden.net/wiki/Pikachu_(Pok%C3%A9mon),Electric,,17.5
0672,Skiddo,https://bulbapedia.bulbagarden.net/wiki/Skiddo_(Pok%C3%A9mon),Grass,,17.5
0616,Shelmet,https://bulbapedia.bulbagarden.net/wiki/Shelmet_(Pok%C3%A9mon),Bug,,17.5
0148,Dragonair,https://bulbapedia.bulbagarden.net/wiki/Dragonair_(Pok%C3%A9mon),Dragon,,17.5
0650,Chespin,https://bulbapedia.bulbagarden.net/wiki/Chespin_(Pok%C3%A9mon),Grass,,17.5
0603,Eelektrik,https://bulbapedia.bulbagarden.net/wiki/Eelektrik_(Pok%C3%A9mon),Electric,,17.5
0152,Chikorita,https://bulbapedia.bulbagarden.net/wiki/Chikorita_(Pok%C3%A9mon),Grass,,17.5
0782,Jangmo-o,https://bulbapedia.bulbagarden.net/wiki/Jangmo-o_(Pok%C3%A9mon),Dragon,,17.5
0311,Plusle,https://bulbapedia.bulbagarden.net/wiki/Plusle_(Pok%C3%A9mon),Electric,,17.5
0204,Pineco,https://bulbapedia.bulbagarden.net/wiki/Pineco_(Pok%C3%A9mon),Bug,,17.5
0403,Shinx,https://bulbapedia.bulbagarden.net/wiki/Shinx_(Pok%C3%A9mon),Electric,,17.5
0402,Kricketune,https://bulbapedia.bulbagarden.net/wiki/Kricketune_(Pok%C3%A9mon),Bug,,17.5
0153,Bayleef,https://bulbapedia.bulbagarden.net/wiki/Bayleef_(Pok%C3%A9mon),Grass,,17.5
0154,Meganium,https://bulbapedia.bulbagarden.net/wiki/Meganium_(Pok%C3%A9mon),Grass,,17.5
0610,Axew,https://bulbapedia.bulbagarden.net/wiki/Axew_(Pok%C3%A9mon),Dragon,,17.5
0611,Fraxure,https://bulbapedia.bulbagarden.net/wiki/Fraxure_(Pok%C3%A9mon),Dragon,,17.5
0612,Haxorus,https://bulbapedia.bulbagarden.net/wiki/Haxorus_(Pok%C3%A9mon),Dragon,,17.5
0030,Nidorina,https://bulbapedia.bulbagarden.net/wiki/Nidorina_(Pok%C3%A9mon),Poison,,17.0
0032,Nidoran,https://bulbapedia.bulbagarden.net/wiki/Nidoran%E2%99%82_(Pok%C3%A9mon),Poison,,17.0
0089,Muk,https://bulbapedia.bulbagarden.net/wiki/Muk_(Pok%C3%A9mon),Poison,,17.0
0088,Grimer,https://bulbapedia.bulbagarden.net/wiki/Grimer_(Pok%C3%A9mon),Poison,,17.0
0029,Nidoran,https://bulbapedia.bulbagarden.net/wiki/Nidoran%E2%99%80_(Pok%C3%A9mon),Poison,,17.0
0024,Arbok,https://bulbapedia.bulbagarden.net/wiki/Arbok_(Pok%C3%A9mon),Poison,,17.0
0023,Ekans,https://bulbapedia.bulbagarden.net/wiki/Ekans_(Pok%C3%A9mon),Poison,,17.0
0033,Nidorino,https://bulbapedia.bulbagarden.net/wiki/Nidorino_(Pok%C3%A9mon),Poison,,17.0
0316,Gulpin,https://bulbapedia.bulbagarden.net/wiki/Gulpin_(Pok%C3%A9mon),Poison,,17.0
0109,Koffing,https://bulbapedia.bulbagarden.net/wiki/Koffing_(Pok%C3%A9mon),Poison,,17.0
0110,Weezing,https://bulbapedia.bulbagarden.net/wiki/Weezing_(Pok%C3%A9mon),Poison,,17.0
0803,Poipole,https://bulbapedia.bulbagarden.net/wiki/Poipole_(Pok%C3%A9mon),Poison,,17.0
0336,Seviper,https://bulbapedia.bulbagarden.net/wiki/Seviper_(Pok%C3%A9mon),Poison,,17.0
0317,Swalot,https://bulbapedia.bulbagarden.net/wiki/Swalot_(Pok%C3%A9mon),Poison,,17.0
0568,Trubbish,https://bulbapedia.bulbagarden.net/wiki/Trubbish_(Pok%C3%A9mon),Poison,,17.0
0569,Garbodor,https://bulbapedia.bulbagarden.net/wiki/Garbodor_(Pok%C3%A9mon),Poison,,17.0
0505,Watchog,https://bulbapedia.bulbagarden.net/wiki/Watchog_(Pok%C3%A9mon),Normal,,16.0
0504,Patrat,https://bulbapedia.bulbagarden.net/wiki/Patrat_(Pok%C3%A9mon),Normal,,16.0
0775,Komala,https://bulbapedia.bulbagarden.net/wiki/Komala_(Pok%C3%A9mon),Normal,,16.0
0773,Silvally,https://bulbapedia.bulbagarden.net/wiki/Silvally_(Pok%C3%A9mon),Normal,,16.0
0772,Type: Null,https://bulbapedia.bulbagarden.net/wiki/Type:_Null_(Pok%C3%A9mon),Normal,,16.0
0233,Porygon2,https://bulbapedia.bulbagarden.net/wiki/Porygon2_(Pok%C3%A9mon),Normal,,16.0
0234,Stantler,https://bulbapedia.bulbagarden.net/wiki/Stantler_(Pok%C3%A9mon),Normal,,16.0
0440,Happiny,https://bulbapedia.bulbagarden.net/wiki/Happiny_(Pok%C3%A9mon),Normal,,16.0
0506,Lillipup,https://bulbapedia.bulbagarden.net/wiki/Lillipup_(Pok%C3%A9mon),Normal,,16.0
0137,Porygon,https://bulbapedia.bulbagarden.net/wiki/Porygon_(Pok%C3%A9mon),Normal,,16.0
0508,Stoutland,https://bulbapedia.bulbagarden.net/wiki/Stoutland_(Pok%C3%A9mon),Normal,,16.0
0659,Bunnelby,https://bulbapedia.bulbagarden.net/wiki/Bunnelby_(Pok%C3%A9mon),Normal,,16.0
0133,Eevee,https://bulbapedia.bulbagarden.net/wiki/Eevee_(Pok%C3%A9mon),Normal,,16.0
0132,Ditto,https://bulbapedia.bulbagarden.net/wiki/Ditto_(Pok%C3%A9mon),Normal,,16.0
0128,Tauros,https://bulbapedia.bulbagarden.net/wiki/Tauros_(Pok%C3%A9mon),Normal,,16.0
0486,Regigigas,https://bulbapedia.bulbagarden.net/wiki/Regigigas_(Pok%C3%A9mon),Normal,,16.0
0507,Herdier,https://bulbapedia.bulbagarden.net/wiki/Herdier_(Pok%C3%A9mon),Normal,,16.0
0216,Teddiursa,https://bulbapedia.bulbagarden.net/wiki/Teddiursa_(Pok%C3%A9mon),Normal,,16.0
0143,Snorlax,https://bulbapedia.bulbagarden.net/wiki/Snorlax_(Pok%C3%A9mon),Normal,,16.0
0217,Ursaring,https://bulbapedia.bulbagarden.net/wiki/Ursaring_(Pok%C3%A9mon),Normal,,16.0
1024,Terapagos,https://bulbapedia.bulbagarden.net/wiki/Terapagos_(Pok%C3%A9mon),Normal,,16.0
0493,Arceus,https://bulbapedia.bulbagarden.net/wiki/Arceus_(Pok%C3%A9mon),Normal,,16.0
0190,Aipom,https://bulbapedia.bulbagarden.net/wiki/Aipom_(Pok%C3%A9mon),Normal,,16.0
0819,Skwovet,https://bulbapedia.bulbagarden.net/wiki/Skwovet_(Pok%C3%A9mon),Normal,,16.0
0820,Greedent,https://bulbapedia.bulbagarden.net/wiki/Greedent_(Pok%C3%A9mon),Normal,,16.0
0831,Wooloo,https://bulbapedia.bulbagarden.net/wiki/Wooloo_(Pok%C3%A9mon),Normal,,16.0
0832,Dubwool,https://bulbapedia.bulbagarden.net/wiki/Dubwool_(Pok%C3%A9mon),Normal,,16.0
0626,Bouffalant,https://bulbapedia.bulbagarden.net/wiki/Bouffalant_(Pok%C3%A9mon),Normal,,16.0
0162,Furret,https://bulbapedia.bulbagarden.net/wiki/Furret_(Pok%C3%A9mon),Normal,,16.0
0161,Sentret,https://bulbapedia.bulbagarden.net/wiki/Sentret_(Pok%C3%A9mon),Normal,,16.0
0399,Bidoof,https://bulbapedia.bulbagarden.net/wiki/Bidoof_(Pok%C3%A9mon),Normal,,16.0
0206,Dunsparce,https://bulbapedia.bulbagarden.net/wiki/Dunsparce_(Pok%C3%A9mon),Normal,,16.0
0019,Rattata,https://bulbapedia.bulbagarden.net/wiki/Rattata_(Pok%C3%A9mon),Normal,,16.0
0020,Raticate,https://bulbapedia.bulbagarden.net/wiki/Raticate_(Pok%C3%A9mon),Normal,,16.0
0301,Delcatty,https://bulbapedia.bulbagarden.net/wiki/Delcatty_(Pok%C3%A9mon),Normal,,16.0
0352,Kecleon,https://bulbapedia.bulbagarden.net/wiki/Kecleon_(Pok%C3%A9mon),Normal,,16.0
0300,Skitty,https://bulbapedia.bulbagarden.net/wiki/Skitty_(Pok%C3%A9mon),Normal,,16.0
0052,Meowth,https://bulbapedia.bulbagarden.net/wiki/Meowth_(Pok%C3%A9mon),Normal,,16.0
0263,Zigzagoon,https://bulbapedia.bulbagarden.net/wiki/Zigzagoon_(Pok%C3%A9mon),Normal,,16.0
0572,Minccino,https://bulbapedia.bulbagarden.net/wiki/Minccino_(Pok%C3%A9mon),Normal,,16.0
0242,Blissey,https://bulbapedia.bulbagarden.net/wiki/Blissey_(Pok%C3%A9mon),Normal,,16.0
0916,Oinkologne,https://bulbapedia.bulbagarden.net/wiki/Oinkologne_(Pok%C3%A9mon),Normal,,16.0
0924,Tandemaus,https://bulbapedia.bulbagarden.net/wiki/Tandemaus_(Pok%C3%A9mon),Normal,,16.0
0925,Maushold,https://bulbapedia.bulbagarden.net/wiki/Maushold_(Pok%C3%A9mon),Normal,,16.0
0463,Lickilicky,https://bulbapedia.bulbagarden.net/wiki/Lickilicky_(Pok%C3%A9mon),Normal,,16.0
0264,Linoone,https://bulbapedia.bulbagarden.net/wiki/Linoone_(Pok%C3%A9mon),Normal,,16.0
0734,Yungoos,https://bulbapedia.bulbagarden.net/wiki/Yungoos_(Pok%C3%A9mon),Normal,,16.0
0053,Persian,https://bulbapedia.bulbagarden.net/wiki/Persian_(Pok%C3%A9mon),Normal,,16.0
0735,Gumshoos,https://bulbapedia.bulbagarden.net/wiki/Gumshoos_(Pok%C3%A9mon),Normal,,16.0
0424,Ambipom,https://bulbapedia.bulbagarden.net/wiki/Ambipom_(Pok%C3%A9mon),Normal,,16.0
0427,Buneary,https://bulbapedia.bulbagarden.net/wiki/Buneary_(Pok%C3%A9mon),Normal,,16.0
0428,Lopunny,https://bulbapedia.bulbagarden.net/wiki/Lopunny_(Pok%C3%A9mon),Normal,,16.0
0431,Glameow,https://bulbapedia.bulbagarden.net/wiki/Glameow_(Pok%C3%A9mon),Normal,,16.0
0432,Purugly,https://bulbapedia.bulbagarden.net/wiki/Purugly_(Pok%C3%A9mon),Normal,,16.0
0335,Zangoose,https://bulbapedia.bulbagarden.net/wiki/Zangoose_(Pok%C3%A9mon),Normal,,16.0
0573,Cinccino,https://bulbapedia.bulbagarden.net/wiki/Cinccino_(Pok%C3%A9mon),Normal,,16.0
0676,Furfrou,https://bulbapedia.bulbagarden.net/wiki/Furfrou_(Pok%C3%A9mon),Normal,,16.0
0241,Miltank,https://bulbapedia.bulbagarden.net/wiki/Miltank_(Pok%C3%A9mon),Normal,,16.0
0108,Lickitung,https://bulbapedia.bulbagarden.net/wiki/Lickitung_(Pok%C3%A9mon),Normal,,16.0
0446,Munchlax,https://bulbapedia.bulbagarden.net/wiki/Munchlax_(Pok%C3%A9mon),Normal,,16.0
0351,Castform,https://bulbapedia.bulbagarden.net/wiki/Castform_(Pok%C3%A9mon),Normal,,16.0
0295,Exploud,https://bulbapedia.bulbagarden.net/wiki/Exploud_(Pok%C3%A9mon),Normal,,16.0
0982,Dudunsparce,https://bulbapedia.bulbagarden.net/wiki/Dudunsparce_(Pok%C3%A9mon),Normal,,16.0
0294,Loudred,https://bulbapedia.bulbagarden.net/wiki/Loudred_(Pok%C3%A9mon),Normal,,16.0
0327,Spinda,https://bulbapedia.bulbagarden.net/wiki/Spinda_(Pok%C3%A9mon),Normal,,16.0
0235,Smeargle,https://bulbapedia.bulbagarden.net/wiki/Smeargle_(Pok%C3%A9mon),Normal,,16.0
0115,Kangaskhan,https://bulbapedia.bulbagarden.net/wiki/Kangaskhan_(Pok%C3%A9mon),Normal,,16.0
0293,Whismur,https://bulbapedia.bulbagarden.net/wiki/Whismur_(Pok%C3%A9mon),Normal,,16.0
0474,Porygon-Z,https://bulbapedia.bulbagarden.net/wiki/Porygon-Z_(Pok%C3%A9mon),Normal,,16.0
0531,Audino,https://bulbapedia.bulbagarden.net/wiki/Audino_(Pok%C3%A9mon),Normal,,16.0
0289,Slaking,https://bulbapedia.bulbagarden.net/wiki/Slaking_(Pok%C3%A9mon),Normal,,16.0
0288,Vigoroth,https://bulbapedia.bulbagarden.net/wiki/Vigoroth_(Pok%C3%A9mon),Normal,,16.0
0287,Slakoth,https://bulbapedia.bulbagarden.net/wiki/Slakoth_(Pok%C3%A9mon),Normal,,16.0
0113,Chansey,https://bulbapedia.bulbagarden.net/wiki/Chansey_(Pok%C3%A9mon),Normal,,16.0
0915,Lechonk,https://bulbapedia.bulbagarden.net/wiki/Lechonk_(Pok%C3%A9mon),Normal,,16.0
